
> AppRecicler@0.0.1 android
> react-native run-android

info A dev server is already running for this project on port 8081.
info Installing the app...
> Task :gradle-plugin:settings-plugin:checkKotlinGradlePluginConfigurationErrors
> Task :gradle-plugin:shared:checkKotlinGradlePluginConfigurationErrors
> Task :gradle-plugin:shared:processResources NO-SOURCE
> Task :gradle-plugin:settings-plugin:pluginDescriptors
> Task :gradle-plugin:settings-plugin:processResources
> Task :gradle-plugin:shared:compileKotlin
> Task :gradle-plugin:shared:compileJava NO-SOURCE
> Task :gradle-plugin:shared:classes UP-TO-DATE
> Task :gradle-plugin:shared:jar
> Task :gradle-plugin:settings-plugin:compileKotlin
> Task :gradle-plugin:settings-plugin:compileJava NO-SOURCE
> Task :gradle-plugin:settings-plugin:classes
> Task :gradle-plugin:settings-plugin:jar
> Task :gradle-plugin:react-native-gradle-plugin:checkKotlinGradlePluginConfigurationErrors
> Task :gradle-plugin:react-native-gradle-plugin:pluginDescriptors
> Task :gradle-plugin:react-native-gradle-plugin:processResources
> Task :gradle-plugin:react-native-gradle-plugin:compileKotlin
> Task :gradle-plugin:react-native-gradle-plugin:compileJava NO-SOURCE
> Task :gradle-plugin:react-native-gradle-plugin:classes
> Task :gradle-plugin:react-native-gradle-plugin:jar

> Configure project :react-native-reanimated
Android gradle plugin: 8.6.0
Gradle: 8.10.2

> Task :app:checkKotlinGradlePluginConfigurationErrors
> Task :app:generateAutolinkingNewArchitectureFiles
> Task :app:generateAutolinkingPackageList
> Task :app:generateCodegenSchemaFromJavaScript SKIPPED
> Task :app:generateCodegenArtifactsFromSchema SKIPPED
> Task :app:preBuild
> Task :app:preDebugBuild
> Task :app:generateDebugBuildConfig UP-TO-DATE
> Task :maplibre_maplibre-react-native:preBuild UP-TO-DATE
> Task :maplibre_maplibre-react-native:preDebugBuild UP-TO-DATE
> Task :maplibre_maplibre-react-native:writeDebugAarMetadata
> Task :react-native-async-storage_async-storage:generateCodegenSchemaFromJavaScript
> Task :react-native-async-storage_async-storage:generateCodegenArtifactsFromSchema
> Task :react-native-async-storage_async-storage:preBuild
> Task :react-native-async-storage_async-storage:preDebugBuild
> Task :react-native-async-storage_async-storage:writeDebugAarMetadata
> Task :react-native-document-picker:generateCodegenSchemaFromJavaScript
> Task :react-native-document-picker:generateCodegenArtifactsFromSchema
> Task :react-native-document-picker:preBuild
> Task :react-native-document-picker:preDebugBuild
> Task :react-native-document-picker:writeDebugAarMetadata
> Task :react-native-gesture-handler:generateCodegenSchemaFromJavaScript
> Task :react-native-gesture-handler:generateCodegenArtifactsFromSchema
> Task :react-native-gesture-handler:preBuild
> Task :react-native-gesture-handler:preDebugBuild
> Task :react-native-gesture-handler:writeDebugAarMetadata
> Task :react-native-image-picker:generateCodegenSchemaFromJavaScript
> Task :react-native-image-picker:generateCodegenArtifactsFromSchema
> Task :react-native-image-picker:preBuild
> Task :react-native-image-picker:preDebugBuild
> Task :react-native-linear-gradient:preBuild UP-TO-DATE
> Task :react-native-linear-gradient:preDebugBuild UP-TO-DATE
> Task :react-native-image-picker:writeDebugAarMetadata
> Task :react-native-linear-gradient:writeDebugAarMetadata
> Task :react-native-reanimated:assertLatestReactNativeWithNewArchitectureTask SKIPPED
> Task :react-native-reanimated:assertMinimalReactNativeVersionTask SKIPPED
> Task :react-native-reanimated:generateCodegenSchemaFromJavaScript
> Task :react-native-reanimated:generateCodegenArtifactsFromSchema
> Task :react-native-reanimated:prepareReanimatedHeadersForPrefabs
> Task :react-native-reanimated:prepareWorkletsHeadersForPrefabs
> Task :react-native-reanimated:preBuild
> Task :react-native-reanimated:preDebugBuild
> Task :react-native-reanimated:writeDebugAarMetadata
> Task :react-native-safe-area-context:generateCodegenSchemaFromJavaScript
> Task :react-native-safe-area-context:generateCodegenArtifactsFromSchema
> Task :react-native-safe-area-context:preBuild
> Task :react-native-safe-area-context:preDebugBuild
> Task :react-native-safe-area-context:writeDebugAarMetadata
> Task :react-native-screens:generateCodegenSchemaFromJavaScript
> Task :react-native-screens:generateCodegenArtifactsFromSchema
> Task :react-native-screens:preBuild
> Task :react-native-screens:preDebugBuild
> Task :react-native-screens:writeDebugAarMetadata
> Task :react-native-vector-icons:generateCodegenSchemaFromJavaScript
> Task :react-native-vector-icons:generateCodegenArtifactsFromSchema
> Task :react-native-vector-icons:preBuild
> Task :react-native-vector-icons:preDebugBuild
> Task :react-native-vector-icons:writeDebugAarMetadata
> Task :app:generateDebugResValues UP-TO-DATE
> Task :maplibre_maplibre-react-native:generateDebugResValues
> Task :maplibre_maplibre-react-native:generateDebugResources
> Task :app:checkDebugAarMetadata
> Task :maplibre_maplibre-react-native:packageDebugResources
> Task :react-native-async-storage_async-storage:generateDebugResValues
> Task :react-native-async-storage_async-storage:generateDebugResources
> Task :react-native-async-storage_async-storage:packageDebugResources
> Task :react-native-document-picker:generateDebugResValues
> Task :react-native-document-picker:generateDebugResources
> Task :react-native-document-picker:packageDebugResources
> Task :react-native-gesture-handler:generateDebugResValues
> Task :react-native-gesture-handler:generateDebugResources
> Task :react-native-gesture-handler:packageDebugResources
> Task :react-native-image-picker:generateDebugResValues
> Task :react-native-image-picker:generateDebugResources
> Task :react-native-image-picker:packageDebugResources
> Task :react-native-linear-gradient:generateDebugResValues
> Task :react-native-linear-gradient:generateDebugResources
> Task :react-native-linear-gradient:packageDebugResources
> Task :react-native-reanimated:generateDebugResValues
> Task :react-native-reanimated:generateDebugResources
> Task :react-native-reanimated:packageDebugResources
> Task :react-native-safe-area-context:generateDebugResValues
> Task :react-native-safe-area-context:generateDebugResources
> Task :react-native-safe-area-context:packageDebugResources
> Task :react-native-screens:generateDebugResValues
> Task :react-native-screens:generateDebugResources
> Task :react-native-screens:packageDebugResources
> Task :react-native-vector-icons:generateDebugResValues
> Task :react-native-vector-icons:generateDebugResources
> Task :react-native-vector-icons:packageDebugResources
> Task :app:mapDebugSourceSetPaths
> Task :app:generateDebugResources UP-TO-DATE
> Task :app:packageDebugResources UP-TO-DATE
> Task :app:parseDebugLocalResources UP-TO-DATE
> Task :app:createDebugCompatibleScreenManifests UP-TO-DATE
> Task :app:extractDeepLinksDebug UP-TO-DATE
> Task :maplibre_maplibre-react-native:extractDeepLinksDebug
> Task :react-native-async-storage_async-storage:extractDeepLinksDebug
> Task :react-native-document-picker:extractDeepLinksDebug

> Task :react-native-async-storage_async-storage:processDebugManifest
package="com.reactnativecommunity.asyncstorage" found in source AndroidManifest.xml: /Users/jhoncuervo/Documents/GitHub/AppRecicler/node_modules/@react-native-async-storage/async-storage/android/src/main/AndroidManifest.xml.
Setting the namespace via the package attribute in the source AndroidManifest.xml is no longer supported, and the value is ignored.
Recommendation: remove package="com.reactnativecommunity.asyncstorage" from the source AndroidManifest.xml: /Users/jhoncuervo/Documents/GitHub/AppRecicler/node_modules/@react-native-async-storage/async-storage/android/src/main/AndroidManifest.xml.

> Task :react-native-gesture-handler:extractDeepLinksDebug
> Task :react-native-image-picker:extractDeepLinksDebug

> Task :react-native-document-picker:processDebugManifest
package="com.reactnativedocumentpicker" found in source AndroidManifest.xml: /Users/jhoncuervo/Documents/GitHub/AppRecicler/node_modules/react-native-document-picker/android/src/main/AndroidManifest.xml.
Setting the namespace via the package attribute in the source AndroidManifest.xml is no longer supported, and the value is ignored.
Recommendation: remove package="com.reactnativedocumentpicker" from the source AndroidManifest.xml: /Users/jhoncuervo/Documents/GitHub/AppRecicler/node_modules/react-native-document-picker/android/src/main/AndroidManifest.xml.

> Task :maplibre_maplibre-react-native:processDebugManifest
> Task :react-native-gesture-handler:processDebugManifest
> Task :react-native-linear-gradient:extractDeepLinksDebug

> Task :react-native-image-picker:processDebugManifest
package="com.imagepicker" found in source AndroidManifest.xml: /Users/jhoncuervo/Documents/GitHub/AppRecicler/node_modules/react-native-image-picker/android/src/main/AndroidManifest.xml.
Setting the namespace via the package attribute in the source AndroidManifest.xml is no longer supported, and the value is ignored.
Recommendation: remove package="com.imagepicker" from the source AndroidManifest.xml: /Users/jhoncuervo/Documents/GitHub/AppRecicler/node_modules/react-native-image-picker/android/src/main/AndroidManifest.xml.

> Task :react-native-reanimated:extractDeepLinksDebug

> Task :react-native-linear-gradient:processDebugManifest
package="com.BV.LinearGradient" found in source AndroidManifest.xml: /Users/jhoncuervo/Documents/GitHub/AppRecicler/node_modules/react-native-linear-gradient/android/src/main/AndroidManifest.xml.
Setting the namespace via the package attribute in the source AndroidManifest.xml is no longer supported, and the value is ignored.
Recommendation: remove package="com.BV.LinearGradient" from the source AndroidManifest.xml: /Users/jhoncuervo/Documents/GitHub/AppRecicler/node_modules/react-native-linear-gradient/android/src/main/AndroidManifest.xml.

> Task :react-native-safe-area-context:extractDeepLinksDebug
> Task :react-native-reanimated:processDebugManifest
> Task :react-native-screens:extractDeepLinksDebug

> Task :react-native-safe-area-context:processDebugManifest
package="com.th3rdwave.safeareacontext" found in source AndroidManifest.xml: /Users/jhoncuervo/Documents/GitHub/AppRecicler/node_modules/react-native-safe-area-context/android/src/main/AndroidManifest.xml.
Setting the namespace via the package attribute in the source AndroidManifest.xml is no longer supported, and the value is ignored.
Recommendation: remove package="com.th3rdwave.safeareacontext" from the source AndroidManifest.xml: /Users/jhoncuervo/Documents/GitHub/AppRecicler/node_modules/react-native-safe-area-context/android/src/main/AndroidManifest.xml.

> Task :react-native-vector-icons:extractDeepLinksDebug

> Task :react-native-screens:processDebugManifest
package="com.swmansion.rnscreens" found in source AndroidManifest.xml: /Users/jhoncuervo/Documents/GitHub/AppRecicler/node_modules/react-native-screens/android/src/main/AndroidManifest.xml.
Setting the namespace via the package attribute in the source AndroidManifest.xml is no longer supported, and the value is ignored.
Recommendation: remove package="com.swmansion.rnscreens" from the source AndroidManifest.xml: /Users/jhoncuervo/Documents/GitHub/AppRecicler/node_modules/react-native-screens/android/src/main/AndroidManifest.xml.

> Task :react-native-vector-icons:processDebugManifest
package="com.oblador.vectoricons" found in source AndroidManifest.xml: /Users/jhoncuervo/Documents/GitHub/AppRecicler/node_modules/react-native-vector-icons/android/src/main/AndroidManifest.xml.
Setting the namespace via the package attribute in the source AndroidManifest.xml is no longer supported, and the value is ignored.
Recommendation: remove package="com.oblador.vectoricons" from the source AndroidManifest.xml: /Users/jhoncuervo/Documents/GitHub/AppRecicler/node_modules/react-native-vector-icons/android/src/main/AndroidManifest.xml.

> Task :maplibre_maplibre-react-native:compileDebugLibraryResources
> Task :app:mergeDebugResources
> Task :app:processDebugMainManifest
> Task :app:processDebugManifest
> Task :app:processDebugManifestForPackage
> Task :react-native-async-storage_async-storage:compileDebugLibraryResources
> Task :maplibre_maplibre-react-native:parseDebugLocalResources
> Task :react-native-async-storage_async-storage:parseDebugLocalResources
> Task :react-native-document-picker:compileDebugLibraryResources
> Task :react-native-document-picker:parseDebugLocalResources
> Task :react-native-gesture-handler:compileDebugLibraryResources
> Task :react-native-async-storage_async-storage:generateDebugRFile
> Task :maplibre_maplibre-react-native:generateDebugRFile
> Task :react-native-gesture-handler:parseDebugLocalResources
> Task :react-native-document-picker:generateDebugRFile
> Task :react-native-gesture-handler:generateDebugRFile
> Task :react-native-image-picker:compileDebugLibraryResources
> Task :react-native-linear-gradient:compileDebugLibraryResources
> Task :react-native-image-picker:parseDebugLocalResources
> Task :react-native-linear-gradient:parseDebugLocalResources
> Task :react-native-image-picker:generateDebugRFile
> Task :react-native-reanimated:compileDebugLibraryResources
> Task :react-native-reanimated:parseDebugLocalResources
> Task :react-native-safe-area-context:compileDebugLibraryResources
> Task :react-native-linear-gradient:generateDebugRFile
> Task :react-native-reanimated:generateDebugRFile
> Task :react-native-safe-area-context:parseDebugLocalResources
> Task :react-native-safe-area-context:generateDebugRFile
> Task :react-native-screens:parseDebugLocalResources
> Task :react-native-vector-icons:compileDebugLibraryResources
> Task :react-native-screens:compileDebugLibraryResources
> Task :maplibre_maplibre-react-native:checkKotlinGradlePluginConfigurationErrors
> Task :react-native-vector-icons:parseDebugLocalResources
> Task :react-native-screens:generateDebugRFile
> Task :maplibre_maplibre-react-native:generateDebugBuildConfig
> Task :react-native-vector-icons:generateDebugRFile
> Task :maplibre_maplibre-react-native:compileDebugKotlin NO-SOURCE
> Task :react-native-async-storage_async-storage:generateDebugBuildConfig
> Task :maplibre_maplibre-react-native:javaPreCompileDebug
> Task :react-native-async-storage_async-storage:javaPreCompileDebug
> Task :app:processDebugResources

> Task :maplibre_maplibre-react-native:compileDebugJavaWithJavac

> Task :maplibre_maplibre-react-native:bundleLibCompileToJarDebug

> Task :react-native-async-storage_async-storage:compileDebugJavaWithJavac

> Task :react-native-document-picker:generateDebugBuildConfig
> Task :react-native-async-storage_async-storage:bundleLibCompileToJarDebug
> Task :react-native-gesture-handler:checkKotlinGradlePluginConfigurationErrors
> Task :react-native-document-picker:javaPreCompileDebug
> Task :react-native-gesture-handler:generateDebugBuildConfig

> Task :react-native-document-picker:compileDebugJavaWithJavac

> Task :react-native-document-picker:bundleLibCompileToJarDebug
> Task :react-native-reanimated:generateDebugBuildConfig
> Task :react-native-reanimated:packageNdkLibs NO-SOURCE
> Task :react-native-reanimated:javaPreCompileDebug
> Task :react-native-gesture-handler:javaPreCompileDebug

> Task :react-native-reanimated:compileDebugJavaWithJavac

> Task :react-native-image-picker:generateDebugBuildConfig
> Task :react-native-reanimated:bundleLibCompileToJarDebug
> Task :react-native-image-picker:javaPreCompileDebug
> Task :react-native-linear-gradient:generateDebugBuildConfig

> Task :react-native-image-picker:compileDebugJavaWithJavac

> Task :react-native-image-picker:bundleLibCompileToJarDebug
> Task :react-native-safe-area-context:checkKotlinGradlePluginConfigurationErrors
> Task :react-native-linear-gradient:javaPreCompileDebug
> Task :react-native-safe-area-context:generateDebugBuildConfig
> Task :react-native-linear-gradient:compileDebugJavaWithJavac
> Task :react-native-linear-gradient:bundleLibCompileToJarDebug
> Task :react-native-screens:checkKotlinGradlePluginConfigurationErrors
> Task :react-native-safe-area-context:javaPreCompileDebug
> Task :react-native-screens:generateDebugBuildConfig
> Task :react-native-screens:javaPreCompileDebug
> Task :react-native-vector-icons:generateDebugBuildConfig
> Task :app:javaPreCompileDebug UP-TO-DATE
> Task :react-native-vector-icons:javaPreCompileDebug
> Task :app:mergeDebugShaders UP-TO-DATE

> Task :react-native-vector-icons:compileDebugJavaWithJavac

> Task :app:compileDebugShaders NO-SOURCE
> Task :react-native-vector-icons:bundleLibCompileToJarDebug
> Task :app:copyReactNativeVectorIconFonts UP-TO-DATE
> Task :app:generateDebugAssets UP-TO-DATE
> Task :maplibre_maplibre-react-native:mergeDebugShaders
> Task :maplibre_maplibre-react-native:compileDebugShaders NO-SOURCE
> Task :maplibre_maplibre-react-native:generateDebugAssets UP-TO-DATE
> Task :maplibre_maplibre-react-native:packageDebugAssets
> Task :react-native-async-storage_async-storage:mergeDebugShaders
> Task :react-native-async-storage_async-storage:compileDebugShaders NO-SOURCE
> Task :react-native-async-storage_async-storage:generateDebugAssets UP-TO-DATE
> Task :react-native-async-storage_async-storage:packageDebugAssets
> Task :react-native-document-picker:mergeDebugShaders
> Task :react-native-document-picker:compileDebugShaders NO-SOURCE
> Task :react-native-document-picker:generateDebugAssets UP-TO-DATE
> Task :react-native-document-picker:packageDebugAssets
> Task :react-native-gesture-handler:mergeDebugShaders
> Task :react-native-gesture-handler:compileDebugShaders NO-SOURCE
> Task :react-native-gesture-handler:generateDebugAssets UP-TO-DATE
> Task :react-native-gesture-handler:packageDebugAssets
> Task :react-native-image-picker:mergeDebugShaders
> Task :react-native-image-picker:compileDebugShaders NO-SOURCE
> Task :react-native-image-picker:generateDebugAssets UP-TO-DATE
> Task :react-native-image-picker:packageDebugAssets
> Task :react-native-linear-gradient:mergeDebugShaders
> Task :react-native-linear-gradient:compileDebugShaders NO-SOURCE
> Task :react-native-linear-gradient:generateDebugAssets UP-TO-DATE
> Task :react-native-linear-gradient:packageDebugAssets
> Task :react-native-reanimated:mergeDebugShaders
> Task :react-native-reanimated:compileDebugShaders NO-SOURCE
> Task :react-native-reanimated:generateDebugAssets UP-TO-DATE
> Task :react-native-reanimated:packageDebugAssets
> Task :react-native-safe-area-context:mergeDebugShaders
> Task :react-native-safe-area-context:compileDebugShaders NO-SOURCE
> Task :react-native-safe-area-context:generateDebugAssets UP-TO-DATE
> Task :react-native-safe-area-context:packageDebugAssets
> Task :react-native-screens:mergeDebugShaders
> Task :react-native-screens:compileDebugShaders NO-SOURCE
> Task :react-native-screens:generateDebugAssets UP-TO-DATE
> Task :react-native-screens:packageDebugAssets
> Task :react-native-vector-icons:mergeDebugShaders
> Task :react-native-vector-icons:compileDebugShaders NO-SOURCE
> Task :react-native-vector-icons:generateDebugAssets UP-TO-DATE
> Task :react-native-vector-icons:packageDebugAssets
> Task :app:mergeDebugAssets UP-TO-DATE
> Task :app:compressDebugAssets UP-TO-DATE
> Task :react-native-async-storage_async-storage:bundleLibRuntimeToJarDebug
> Task :react-native-document-picker:bundleLibRuntimeToJarDebug
> Task :react-native-image-picker:bundleLibRuntimeToJarDebug
> Task :react-native-linear-gradient:bundleLibRuntimeToJarDebug
> Task :maplibre_maplibre-react-native:bundleLibRuntimeToJarDebug
> Task :react-native-reanimated:bundleLibRuntimeToJarDebug
> Task :react-native-vector-icons:bundleLibRuntimeToJarDebug
> Task :app:desugarDebugFileDependencies UP-TO-DATE
> Task :maplibre_maplibre-react-native:processDebugJavaRes NO-SOURCE
> Task :react-native-async-storage_async-storage:processDebugJavaRes NO-SOURCE
> Task :react-native-document-picker:processDebugJavaRes NO-SOURCE
> Task :react-native-image-picker:processDebugJavaRes NO-SOURCE
> Task :react-native-linear-gradient:processDebugJavaRes NO-SOURCE
> Task :react-native-reanimated:processDebugJavaRes NO-SOURCE
> Task :react-native-vector-icons:processDebugJavaRes NO-SOURCE
> Task :react-native-async-storage_async-storage:bundleLibRuntimeToDirDebug
> Task :app:checkDebugDuplicateClasses
> Task :maplibre_maplibre-react-native:bundleLibRuntimeToDirDebug

> Task :react-native-safe-area-context:compileDebugKotlin
w: file:///Users/jhoncuervo/Documents/GitHub/AppRecicler/node_modules/react-native-safe-area-context/android/src/main/java/com/th3rdwave/safeareacontext/SafeAreaContextPackage.kt:27:11 'constructor ReactModuleInfo(String, String, Boolean, Boolean, Boolean, Boolean, Boolean)' is deprecated. use ReactModuleInfo(String, String, boolean, boolean, boolean, boolean)]
w: file:///Users/jhoncuervo/Documents/GitHub/AppRecicler/node_modules/react-native-safe-area-context/android/src/main/java/com/th3rdwave/safeareacontext/SafeAreaContextPackage.kt:33:27 'getter for hasConstants: Boolean' is deprecated. This property is unused and it's planning to be removed in a future version of
        React Native. Please refrain from using it.
w: file:///Users/jhoncuervo/Documents/GitHub/AppRecicler/node_modules/react-native-safe-area-context/android/src/main/java/com/th3rdwave/safeareacontext/SafeAreaView.kt:59:23 'getter for uiImplementation: UIImplementation!' is deprecated. Deprecated in Java

> Task :react-native-gesture-handler:compileDebugKotlin
w: file:///Users/jhoncuervo/Documents/GitHub/AppRecicler/node_modules/react-native-gesture-handler/android/src/main/java/com/swmansion/gesturehandler/core/FlingGestureHandler.kt:28:26 Parameter 'event' is never used
w: file:///Users/jhoncuervo/Documents/GitHub/AppRecicler/node_modules/react-native-gesture-handler/android/src/main/java/com/swmansion/gesturehandler/react/RNGestureHandlerButtonViewManager.kt:81:62 The corresponding parameter in the supertype 'ViewGroupManager' is named 'borderRadius'. This may cause problems when calling this function with named arguments.
w: file:///Users/jhoncuervo/Documents/GitHub/AppRecicler/node_modules/react-native-gesture-handler/android/src/main/java/com/swmansion/gesturehandler/react/RNGestureHandlerButtonViewManager.kt:86:63 The corresponding parameter in the supertype 'ViewGroupManager' is named 'borderRadius'. This may cause problems when calling this function with named arguments.
w: file:///Users/jhoncuervo/Documents/GitHub/AppRecicler/node_modules/react-native-gesture-handler/android/src/main/java/com/swmansion/gesturehandler/react/RNGestureHandlerButtonViewManager.kt:91:65 The corresponding parameter in the supertype 'ViewGroupManager' is named 'borderRadius'. This may cause problems when calling this function with named arguments.
w: file:///Users/jhoncuervo/Documents/GitHub/AppRecicler/node_modules/react-native-gesture-handler/android/src/main/java/com/swmansion/gesturehandler/react/RNGestureHandlerButtonViewManager.kt:96:66 The corresponding parameter in the supertype 'ViewGroupManager' is named 'borderRadius'. This may cause problems when calling this function with named arguments.

> Task :react-native-gesture-handler:compileDebugJavaWithJavac
> Task :react-native-gesture-handler:bundleLibCompileToJarDebug
> Task :react-native-safe-area-context:compileDebugJavaWithJavac
> Task :react-native-safe-area-context:bundleLibRuntimeToJarDebug
> Task :react-native-safe-area-context:bundleLibCompileToJarDebug
> Task :react-native-gesture-handler:processDebugJavaRes
> Task :react-native-gesture-handler:bundleLibRuntimeToJarDebug
> Task :react-native-safe-area-context:processDebugJavaRes
> Task :react-native-document-picker:bundleLibRuntimeToDirDebug
> Task :react-native-safe-area-context:bundleLibRuntimeToDirDebug
> Task :react-native-image-picker:bundleLibRuntimeToDirDebug
> Task :react-native-gesture-handler:bundleLibRuntimeToDirDebug
> Task :react-native-linear-gradient:bundleLibRuntimeToDirDebug

> Task :react-native-screens:compileDebugKotlin
w: file:///Users/jhoncuervo/Documents/GitHub/AppRecicler/node_modules/react-native-screens/android/src/main/java/com/swmansion/rnscreens/CustomToolbar.kt:19:53 'FrameCallback' is deprecated. Use Choreographer.FrameCallback instead
w: file:///Users/jhoncuervo/Documents/GitHub/AppRecicler/node_modules/react-native-screens/android/src/main/java/com/swmansion/rnscreens/CustomToolbar.kt:20:38 'FrameCallback' is deprecated. Use Choreographer.FrameCallback instead
w: file:///Users/jhoncuervo/Documents/GitHub/AppRecicler/node_modules/react-native-screens/android/src/main/java/com/swmansion/rnscreens/RNScreensPackage.kt:64:17 'constructor ReactModuleInfo(String, String, Boolean, Boolean, Boolean, Boolean, Boolean)' is deprecated. use ReactModuleInfo(String, String, boolean, boolean, boolean, boolean)]
w: file:///Users/jhoncuervo/Documents/GitHub/AppRecicler/node_modules/react-native-screens/android/src/main/java/com/swmansion/rnscreens/Screen.kt:45:77 Unchecked cast: CoordinatorLayout.Behavior<(raw) View!>? to BottomSheetBehavior<Screen>
w: file:///Users/jhoncuervo/Documents/GitHub/AppRecicler/node_modules/react-native-screens/android/src/main/java/com/swmansion/rnscreens/ScreenContainer.kt:33:53 'FrameCallback' is deprecated. Use Choreographer.FrameCallback instead
w: file:///Users/jhoncuervo/Documents/GitHub/AppRecicler/node_modules/react-native-screens/android/src/main/java/com/swmansion/rnscreens/ScreenContainer.kt:34:38 'FrameCallback' is deprecated. Use Choreographer.FrameCallback instead
w: file:///Users/jhoncuervo/Documents/GitHub/AppRecicler/node_modules/react-native-screens/android/src/main/java/com/swmansion/rnscreens/ScreenFooter.kt:252:9 Parameter 'changed' is never used
w: file:///Users/jhoncuervo/Documents/GitHub/AppRecicler/node_modules/react-native-screens/android/src/main/java/com/swmansion/rnscreens/ScreenFooter.kt:253:9 Parameter 'left' is never used
w: file:///Users/jhoncuervo/Documents/GitHub/AppRecicler/node_modules/react-native-screens/android/src/main/java/com/swmansion/rnscreens/ScreenFooter.kt:254:9 Parameter 'top' is never used
w: file:///Users/jhoncuervo/Documents/GitHub/AppRecicler/node_modules/react-native-screens/android/src/main/java/com/swmansion/rnscreens/ScreenFooter.kt:255:9 Parameter 'right' is never used
w: file:///Users/jhoncuervo/Documents/GitHub/AppRecicler/node_modules/react-native-screens/android/src/main/java/com/swmansion/rnscreens/ScreenFooter.kt:256:9 Parameter 'bottom' is never used
w: file:///Users/jhoncuervo/Documents/GitHub/AppRecicler/node_modules/react-native-screens/android/src/main/java/com/swmansion/rnscreens/ScreenStackFragment.kt:257:31 'setter for targetElevation: Float' is deprecated. Deprecated in Java
w: file:///Users/jhoncuervo/Documents/GitHub/AppRecicler/node_modules/react-native-screens/android/src/main/java/com/swmansion/rnscreens/ScreenStackFragment.kt:260:13 'setHasOptionsMenu(Boolean): Unit' is deprecated. Deprecated in Java
w: file:///Users/jhoncuervo/Documents/GitHub/AppRecicler/node_modules/react-native-screens/android/src/main/java/com/swmansion/rnscreens/ScreenStackFragment.kt:496:22 'onPrepareOptionsMenu(Menu): Unit' is deprecated. Deprecated in Java
w: file:///Users/jhoncuervo/Documents/GitHub/AppRecicler/node_modules/react-native-screens/android/src/main/java/com/swmansion/rnscreens/ScreenStackFragment.kt:504:22 'onCreateOptionsMenu(Menu, MenuInflater): Unit' is deprecated. Deprecated in Java
w: file:///Users/jhoncuervo/Documents/GitHub/AppRecicler/node_modules/react-native-screens/android/src/main/java/com/swmansion/rnscreens/ScreenStackHeaderConfig.kt:100:38 'getter for systemWindowInsetTop: Int' is deprecated. Deprecated in Java
w: file:///Users/jhoncuervo/Documents/GitHub/AppRecicler/node_modules/react-native-screens/android/src/main/java/com/swmansion/rnscreens/ScreenStackHeaderConfigViewManager.kt:7:34 'MapBuilder' is deprecated. Deprecated in Java
w: file:///Users/jhoncuervo/Documents/GitHub/AppRecicler/node_modules/react-native-screens/android/src/main/java/com/swmansion/rnscreens/ScreenStackHeaderConfigViewManager.kt:209:9 'MapBuilder' is deprecated. Deprecated in Java
w: file:///Users/jhoncuervo/Documents/GitHub/AppRecicler/node_modules/react-native-screens/android/src/main/java/com/swmansion/rnscreens/ScreenStackHeaderConfigViewManager.kt:211:13 'MapBuilder' is deprecated. Deprecated in Java
w: file:///Users/jhoncuervo/Documents/GitHub/AppRecicler/node_modules/react-native-screens/android/src/main/java/com/swmansion/rnscreens/ScreenStackHeaderConfigViewManager.kt:213:13 'MapBuilder' is deprecated. Deprecated in Java
w: file:///Users/jhoncuervo/Documents/GitHub/AppRecicler/node_modules/react-native-screens/android/src/main/java/com/swmansion/rnscreens/ScreenViewManager.kt:7:34 'MapBuilder' is deprecated. Deprecated in Java
w: file:///Users/jhoncuervo/Documents/GitHub/AppRecicler/node_modules/react-native-screens/android/src/main/java/com/swmansion/rnscreens/ScreenViewManager.kt:375:48 'MapBuilder' is deprecated. Deprecated in Java
w: file:///Users/jhoncuervo/Documents/GitHub/AppRecicler/node_modules/react-native-screens/android/src/main/java/com/swmansion/rnscreens/ScreenViewManager.kt:376:49 'MapBuilder' is deprecated. Deprecated in Java
w: file:///Users/jhoncuervo/Documents/GitHub/AppRecicler/node_modules/react-native-screens/android/src/main/java/com/swmansion/rnscreens/ScreenViewManager.kt:377:45 'MapBuilder' is deprecated. Deprecated in Java
w: file:///Users/jhoncuervo/Documents/GitHub/AppRecicler/node_modules/react-native-screens/android/src/main/java/com/swmansion/rnscreens/ScreenViewManager.kt:378:52 'MapBuilder' is deprecated. Deprecated in Java
w: file:///Users/jhoncuervo/Documents/GitHub/AppRecicler/node_modules/react-native-screens/android/src/main/java/com/swmansion/rnscreens/ScreenViewManager.kt:379:48 'MapBuilder' is deprecated. Deprecated in Java
w: file:///Users/jhoncuervo/Documents/GitHub/AppRecicler/node_modules/react-native-screens/android/src/main/java/com/swmansion/rnscreens/ScreenViewManager.kt:380:51 'MapBuilder' is deprecated. Deprecated in Java
w: file:///Users/jhoncuervo/Documents/GitHub/AppRecicler/node_modules/react-native-screens/android/src/main/java/com/swmansion/rnscreens/ScreenViewManager.kt:381:56 'MapBuilder' is deprecated. Deprecated in Java
w: file:///Users/jhoncuervo/Documents/GitHub/AppRecicler/node_modules/react-native-screens/android/src/main/java/com/swmansion/rnscreens/ScreenViewManager.kt:382:57 'MapBuilder' is deprecated. Deprecated in Java
w: file:///Users/jhoncuervo/Documents/GitHub/AppRecicler/node_modules/react-native-screens/android/src/main/java/com/swmansion/rnscreens/ScreenViewManager.kt:383:51 'MapBuilder' is deprecated. Deprecated in Java
w: file:///Users/jhoncuervo/Documents/GitHub/AppRecicler/node_modules/react-native-screens/android/src/main/java/com/swmansion/rnscreens/ScreenWindowTraits.kt:55:42 'replaceSystemWindowInsets(Int, Int, Int, Int): WindowInsetsCompat' is deprecated. Deprecated in Java
w: file:///Users/jhoncuervo/Documents/GitHub/AppRecicler/node_modules/react-native-screens/android/src/main/java/com/swmansion/rnscreens/ScreenWindowTraits.kt:56:39 'getter for systemWindowInsetLeft: Int' is deprecated. Deprecated in Java
w: file:///Users/jhoncuervo/Documents/GitHub/AppRecicler/node_modules/react-native-screens/android/src/main/java/com/swmansion/rnscreens/ScreenWindowTraits.kt:58:39 'getter for systemWindowInsetRight: Int' is deprecated. Deprecated in Java
w: file:///Users/jhoncuervo/Documents/GitHub/AppRecicler/node_modules/react-native-screens/android/src/main/java/com/swmansion/rnscreens/ScreenWindowTraits.kt:59:39 'getter for systemWindowInsetBottom: Int' is deprecated. Deprecated in Java
w: file:///Users/jhoncuervo/Documents/GitHub/AppRecicler/node_modules/react-native-screens/android/src/main/java/com/swmansion/rnscreens/ScreenWindowTraits.kt:98:53 'getter for statusBarColor: Int' is deprecated. Deprecated in Java
w: file:///Users/jhoncuervo/Documents/GitHub/AppRecicler/node_modules/react-native-screens/android/src/main/java/com/swmansion/rnscreens/ScreenWindowTraits.kt:109:48 'getter for statusBarColor: Int' is deprecated. Deprecated in Java
w: file:///Users/jhoncuervo/Documents/GitHub/AppRecicler/node_modules/react-native-screens/android/src/main/java/com/swmansion/rnscreens/ScreenWindowTraits.kt:112:32 'setter for statusBarColor: Int' is deprecated. Deprecated in Java
w: file:///Users/jhoncuervo/Documents/GitHub/AppRecicler/node_modules/react-native-screens/android/src/main/java/com/swmansion/rnscreens/ScreenWindowTraits.kt:208:72 'getter for navigationBarColor: Int' is deprecated. Deprecated in Java
w: file:///Users/jhoncuervo/Documents/GitHub/AppRecicler/node_modules/react-native-screens/android/src/main/java/com/swmansion/rnscreens/ScreenWindowTraits.kt:214:16 'setter for navigationBarColor: Int' is deprecated. Deprecated in Java
w: file:///Users/jhoncuervo/Documents/GitHub/AppRecicler/node_modules/react-native-screens/android/src/main/java/com/swmansion/rnscreens/SearchBarManager.kt:5:34 'MapBuilder' is deprecated. Deprecated in Java
w: file:///Users/jhoncuervo/Documents/GitHub/AppRecicler/node_modules/react-native-screens/android/src/main/java/com/swmansion/rnscreens/SearchBarManager.kt:138:66 Elvis operator (?:) always returns the left operand of non-nullable type Boolean
w: file:///Users/jhoncuervo/Documents/GitHub/AppRecicler/node_modules/react-native-screens/android/src/main/java/com/swmansion/rnscreens/SearchBarManager.kt:142:9 'MapBuilder' is deprecated. Deprecated in Java
w: file:///Users/jhoncuervo/Documents/GitHub/AppRecicler/node_modules/react-native-screens/android/src/main/java/com/swmansion/rnscreens/SearchBarManager.kt:144:13 'MapBuilder' is deprecated. Deprecated in Java
w: file:///Users/jhoncuervo/Documents/GitHub/AppRecicler/node_modules/react-native-screens/android/src/main/java/com/swmansion/rnscreens/SearchBarManager.kt:146:13 'MapBuilder' is deprecated. Deprecated in Java
w: file:///Users/jhoncuervo/Documents/GitHub/AppRecicler/node_modules/react-native-screens/android/src/main/java/com/swmansion/rnscreens/SearchBarManager.kt:148:13 'MapBuilder' is deprecated. Deprecated in Java
w: file:///Users/jhoncuervo/Documents/GitHub/AppRecicler/node_modules/react-native-screens/android/src/main/java/com/swmansion/rnscreens/SearchBarManager.kt:150:13 'MapBuilder' is deprecated. Deprecated in Java
w: file:///Users/jhoncuervo/Documents/GitHub/AppRecicler/node_modules/react-native-screens/android/src/main/java/com/swmansion/rnscreens/SearchBarManager.kt:152:13 'MapBuilder' is deprecated. Deprecated in Java
w: file:///Users/jhoncuervo/Documents/GitHub/AppRecicler/node_modules/react-native-screens/android/src/main/java/com/swmansion/rnscreens/SearchBarManager.kt:154:13 'MapBuilder' is deprecated. Deprecated in Java
w: file:///Users/jhoncuervo/Documents/GitHub/AppRecicler/node_modules/react-native-screens/android/src/main/java/com/swmansion/rnscreens/SearchBarView.kt:153:43 Parameter 'flag' is never used
w: file:///Users/jhoncuervo/Documents/GitHub/AppRecicler/node_modules/react-native-screens/android/src/main/java/com/swmansion/rnscreens/bottomsheet/BottomSheetDialogRootView.kt:7:34 'ReactFeatureFlags' is deprecated. Deprecated in Java
w: file:///Users/jhoncuervo/Documents/GitHub/AppRecicler/node_modules/react-native-screens/android/src/main/java/com/swmansion/rnscreens/bottomsheet/BottomSheetDialogRootView.kt:25:13 'ReactFeatureFlags' is deprecated. Deprecated in Java

> Task :react-native-reanimated:bundleLibRuntimeToDirDebug
> Task :react-native-vector-icons:bundleLibRuntimeToDirDebug
> Task :react-native-screens:compileDebugJavaWithJavac
> Task :react-native-screens:processDebugJavaRes
> Task :react-native-screens:bundleLibCompileToJarDebug
> Task :react-native-screens:bundleLibRuntimeToJarDebug
> Task :react-native-screens:bundleLibRuntimeToDirDebug
> Task :app:mergeExtDexDebug
> Task :app:compileDebugKotlin
> Task :react-native-reanimated:configureCMakeDebug[arm64-v8a]
> Task :app:compileDebugJavaWithJavac
> Task :app:dexBuilderDebug
> Task :app:processDebugJavaRes UP-TO-DATE
> Task :app:mergeDebugGlobalSynthetics
> Task :app:mergeLibDexDebug
> Task :app:mergeProjectDexDebug
> Task :app:mergeDebugJavaResource
> Task :react-native-reanimated:configureCMakeDebug[armeabi-v7a]
> Task :react-native-reanimated:configureCMakeDebug[x86]
> Task :react-native-reanimated:configureCMakeDebug[x86_64]
> Task :react-native-reanimated:generateJsonModelDebug
> Task :react-native-reanimated:prefabDebugConfigurePackage UP-TO-DATE
> Task :app:configureCMakeDebug[arm64-v8a]
> Task :react-native-reanimated:buildCMakeDebug[arm64-v8a]
> Task :react-native-reanimated:buildCMakeDebug[armeabi-v7a]
> Task :react-native-reanimated:buildCMakeDebug[x86]
> Task :react-native-reanimated:buildCMakeDebug[x86_64]
> Task :react-native-reanimated:externalNativeBuildDebug
> Task :react-native-reanimated:prefabDebugPackage

> Task :app:buildCMakeDebug[arm64-v8a]
C/C++: ninja: Entering directory `/Users/jhoncuervo/Documents/GitHub/AppRecicler/android/app/.cxx/Debug/e3w3pw4m/arm64-v8a'
C/C++: /Users/jhoncuervo/Documents/GitHub/AppRecicler/node_modules/react-native-safe-area-context/android/build/generated/source/codegen/jni/react/renderer/components/safeareacontext/EventEmitters.cpp:16:69: warning: '$' in identifier [-Wdollar-in-identifier-extension]
C/C++: void RNCSafeAreaProviderEventEmitter::onInsetsChange(OnInsetsChange $event) const {
C/C++:                                                                     ^
C/C++: /Users/jhoncuervo/Documents/GitHub/AppRecicler/node_modules/react-native-safe-area-context/android/build/generated/source/codegen/jni/react/renderer/components/safeareacontext/EventEmitters.cpp:17:34: warning: '$' in identifier [-Wdollar-in-identifier-extension]
C/C++:   dispatchEvent("insetsChange", [$event=std::move($event)](jsi::Runtime &runtime) {
C/C++:                                  ^
C/C++: /Users/jhoncuervo/Documents/GitHub/AppRecicler/node_modules/react-native-safe-area-context/android/build/generated/source/codegen/jni/react/renderer/components/safeareacontext/EventEmitters.cpp:17:51: warning: '$' in identifier [-Wdollar-in-identifier-extension]
C/C++:   dispatchEvent("insetsChange", [$event=std::move($event)](jsi::Runtime &runtime) {
C/C++:                                                   ^
C/C++: /Users/jhoncuervo/Documents/GitHub/AppRecicler/node_modules/react-native-safe-area-context/android/build/generated/source/codegen/jni/react/renderer/components/safeareacontext/EventEmitters.cpp:18:10: warning: '$' in identifier [-Wdollar-in-identifier-extension]
C/C++:     auto $payload = jsi::Object(runtime);
C/C++:          ^
C/C++: /Users/jhoncuervo/Documents/GitHub/AppRecicler/node_modules/react-native-safe-area-context/android/build/generated/source/codegen/jni/react/renderer/components/safeareacontext/EventEmitters.cpp:21:38: warning: '$' in identifier [-Wdollar-in-identifier-extension]
C/C++:   insets.setProperty(runtime, "top", $event.insets.top);
C/C++:                                      ^
C/C++: /Users/jhoncuervo/Documents/GitHub/AppRecicler/node_modules/react-native-safe-area-context/android/build/generated/source/codegen/jni/react/renderer/components/safeareacontext/EventEmitters.cpp:22:40: warning: '$' in identifier [-Wdollar-in-identifier-extension]
C/C++:   insets.setProperty(runtime, "right", $event.insets.right);
C/C++:                                        ^
C/C++: /Users/jhoncuervo/Documents/GitHub/AppRecicler/node_modules/react-native-safe-area-context/android/build/generated/source/codegen/jni/react/renderer/components/safeareacontext/EventEmitters.cpp:23:41: warning: '$' in identifier [-Wdollar-in-identifier-extension]
C/C++:   insets.setProperty(runtime, "bottom", $event.insets.bottom);
C/C++:                                         ^
C/C++: /Users/jhoncuervo/Documents/GitHub/AppRecicler/node_modules/react-native-safe-area-context/android/build/generated/source/codegen/jni/react/renderer/components/safeareacontext/EventEmitters.cpp:24:39: warning: '$' in identifier [-Wdollar-in-identifier-extension]
C/C++:   insets.setProperty(runtime, "left", $event.insets.left);
C/C++:                                       ^
C/C++: /Users/jhoncuervo/Documents/GitHub/AppRecicler/node_modules/react-native-safe-area-context/android/build/generated/source/codegen/jni/react/renderer/components/safeareacontext/EventEmitters.cpp:25:3: warning: '$' in identifier [-Wdollar-in-identifier-extension]
C/C++:   $payload.setProperty(runtime, "insets", insets);
C/C++:   ^
C/C++: /Users/jhoncuervo/Documents/GitHub/AppRecicler/node_modules/react-native-safe-area-context/android/build/generated/source/codegen/jni/react/renderer/components/safeareacontext/EventEmitters.cpp:29:35: warning: '$' in identifier [-Wdollar-in-identifier-extension]
C/C++:   frame.setProperty(runtime, "x", $event.frame.x);
C/C++:                                   ^
C/C++: /Users/jhoncuervo/Documents/GitHub/AppRecicler/node_modules/react-native-safe-area-context/android/build/generated/source/codegen/jni/react/renderer/components/safeareacontext/EventEmitters.cpp:30:35: warning: '$' in identifier [-Wdollar-in-identifier-extension]
C/C++:   frame.setProperty(runtime, "y", $event.frame.y);
C/C++:                                   ^
C/C++: /Users/jhoncuervo/Documents/GitHub/AppRecicler/node_modules/react-native-safe-area-context/android/build/generated/source/codegen/jni/react/renderer/components/safeareacontext/EventEmitters.cpp:31:39: warning: '$' in identifier [-Wdollar-in-identifier-extension]
C/C++:   frame.setProperty(runtime, "width", $event.frame.width);
C/C++:                                       ^
C/C++: /Users/jhoncuervo/Documents/GitHub/AppRecicler/node_modules/react-native-safe-area-context/android/build/generated/source/codegen/jni/react/renderer/components/safeareacontext/EventEmitters.cpp:32:40: warning: '$' in identifier [-Wdollar-in-identifier-extension]
C/C++:   frame.setProperty(runtime, "height", $event.frame.height);
C/C++:                                        ^
C/C++: /Users/jhoncuervo/Documents/GitHub/AppRecicler/node_modules/react-native-safe-area-context/android/build/generated/source/codegen/jni/react/renderer/components/safeareacontext/EventEmitters.cpp:33:3: warning: '$' in identifier [-Wdollar-in-identifier-extension]
C/C++:   $payload.setProperty(runtime, "frame", frame);
C/C++:   ^
C/C++: /Users/jhoncuervo/Documents/GitHub/AppRecicler/node_modules/react-native-safe-area-context/android/build/generated/source/codegen/jni/react/renderer/components/safeareacontext/EventEmitters.cpp:35:12: warning: '$' in identifier [-Wdollar-in-identifier-extension]
C/C++:     return $payload;
C/C++:            ^
C/C++: 15 warnings generated.
C/C++: /Users/jhoncuervo/Documents/GitHub/AppRecicler/node_modules/react-native-screens/android/build/generated/source/codegen/jni/react/renderer/components/rnscreens/EventEmitters.cpp:17:52: warning: '$' in identifier [-Wdollar-in-identifier-extension]
C/C++: void RNSModalScreenEventEmitter::onAppear(OnAppear $event) const {
C/C++:                                                    ^
C/C++: /Users/jhoncuervo/Documents/GitHub/AppRecicler/node_modules/react-native-screens/android/build/generated/source/codegen/jni/react/renderer/components/rnscreens/EventEmitters.cpp:19:10: warning: '$' in identifier [-Wdollar-in-identifier-extension]
C/C++:     auto $payload = jsi::Object(runtime);
C/C++:          ^
C/C++: /Users/jhoncuervo/Documents/GitHub/AppRecicler/node_modules/react-native-screens/android/build/generated/source/codegen/jni/react/renderer/components/rnscreens/EventEmitters.cpp:21:12: warning: '$' in identifier [-Wdollar-in-identifier-extension]
C/C++:     return $payload;
C/C++:            ^
C/C++: /Users/jhoncuervo/Documents/GitHub/AppRecicler/node_modules/react-native-screens/android/build/generated/source/codegen/jni/react/renderer/components/rnscreens/EventEmitters.cpp:26:58: warning: '$' in identifier [-Wdollar-in-identifier-extension]
C/C++: void RNSModalScreenEventEmitter::onDisappear(OnDisappear $event) const {
C/C++:                                                          ^
C/C++: /Users/jhoncuervo/Documents/GitHub/AppRecicler/node_modules/react-native-screens/android/build/generated/source/codegen/jni/react/renderer/components/rnscreens/EventEmitters.cpp:28:10: warning: '$' in identifier [-Wdollar-in-identifier-extension]
C/C++:     auto $payload = jsi::Object(runtime);
C/C++:          ^
C/C++: /Users/jhoncuervo/Documents/GitHub/AppRecicler/node_modules/react-native-screens/android/build/generated/source/codegen/jni/react/renderer/components/rnscreens/EventEmitters.cpp:30:12: warning: '$' in identifier [-Wdollar-in-identifier-extension]
C/C++:     return $payload;
C/C++:            ^
C/C++: /Users/jhoncuervo/Documents/GitHub/AppRecicler/node_modules/react-native-screens/android/build/generated/source/codegen/jni/react/renderer/components/rnscreens/EventEmitters.cpp:35:58: warning: '$' in identifier [-Wdollar-in-identifier-extension]
C/C++: void RNSModalScreenEventEmitter::onDismissed(OnDismissed $event) const {
C/C++:                                                          ^
C/C++: /Users/jhoncuervo/Documents/GitHub/AppRecicler/node_modules/react-native-screens/android/build/generated/source/codegen/jni/react/renderer/components/rnscreens/EventEmitters.cpp:36:31: warning: '$' in identifier [-Wdollar-in-identifier-extension]
C/C++:   dispatchEvent("dismissed", [$event=std::move($event)](jsi::Runtime &runtime) {
C/C++:                               ^
C/C++: /Users/jhoncuervo/Documents/GitHub/AppRecicler/node_modules/react-native-screens/android/build/generated/source/codegen/jni/react/renderer/components/rnscreens/EventEmitters.cpp:36:48: warning: '$' in identifier [-Wdollar-in-identifier-extension]
C/C++:   dispatchEvent("dismissed", [$event=std::move($event)](jsi::Runtime &runtime) {
C/C++:                                                ^
C/C++: /Users/jhoncuervo/Documents/GitHub/AppRecicler/node_modules/react-native-screens/android/build/generated/source/codegen/jni/react/renderer/components/rnscreens/EventEmitters.cpp:37:10: warning: '$' in identifier [-Wdollar-in-identifier-extension]
C/C++:     auto $payload = jsi::Object(runtime);
C/C++:          ^
C/C++: /Users/jhoncuervo/Documents/GitHub/AppRecicler/node_modules/react-native-screens/android/build/generated/source/codegen/jni/react/renderer/components/rnscreens/EventEmitters.cpp:38:5: warning: '$' in identifier [-Wdollar-in-identifier-extension]
C/C++:     $payload.setProperty(runtime, "dismissCount", $event.dismissCount);
C/C++:     ^
C/C++: /Users/jhoncuervo/Documents/GitHub/AppRecicler/node_modules/react-native-screens/android/build/generated/source/codegen/jni/react/renderer/components/rnscreens/EventEmitters.cpp:38:51: warning: '$' in identifier [-Wdollar-in-identifier-extension]
C/C++:     $payload.setProperty(runtime, "dismissCount", $event.dismissCount);
C/C++:                                                   ^
C/C++: /Users/jhoncuervo/Documents/GitHub/AppRecicler/node_modules/react-native-screens/android/build/generated/source/codegen/jni/react/renderer/components/rnscreens/EventEmitters.cpp:39:12: warning: '$' in identifier [-Wdollar-in-identifier-extension]
C/C++:     return $payload;
C/C++:            ^
C/C++: /Users/jhoncuervo/Documents/GitHub/AppRecicler/node_modules/react-native-screens/android/build/generated/source/codegen/jni/react/renderer/components/rnscreens/EventEmitters.cpp:44:84: warning: '$' in identifier [-Wdollar-in-identifier-extension]
C/C++: void RNSModalScreenEventEmitter::onNativeDismissCancelled(OnNativeDismissCancelled $event) const {
C/C++:                                                                                    ^
C/C++: /Users/jhoncuervo/Documents/GitHub/AppRecicler/node_modules/react-native-screens/android/build/generated/source/codegen/jni/react/renderer/components/rnscreens/EventEmitters.cpp:45:44: warning: '$' in identifier [-Wdollar-in-identifier-extension]
C/C++:   dispatchEvent("nativeDismissCancelled", [$event=std::move($event)](jsi::Runtime &runtime) {
C/C++:                                            ^
C/C++: /Users/jhoncuervo/Documents/GitHub/AppRecicler/node_modules/react-native-screens/android/build/generated/source/codegen/jni/react/renderer/components/rnscreens/EventEmitters.cpp:45:61: warning: '$' in identifier [-Wdollar-in-identifier-extension]
C/C++:   dispatchEvent("nativeDismissCancelled", [$event=std::move($event)](jsi::Runtime &runtime) {
C/C++:                                                             ^
C/C++: /Users/jhoncuervo/Documents/GitHub/AppRecicler/node_modules/react-native-screens/android/build/generated/source/codegen/jni/react/renderer/components/rnscreens/EventEmitters.cpp:46:10: warning: '$' in identifier [-Wdollar-in-identifier-extension]
C/C++:     auto $payload = jsi::Object(runtime);
C/C++:          ^
C/C++: /Users/jhoncuervo/Documents/GitHub/AppRecicler/node_modules/react-native-screens/android/build/generated/source/codegen/jni/react/renderer/components/rnscreens/EventEmitters.cpp:47:5: warning: '$' in identifier [-Wdollar-in-identifier-extension]
C/C++:     $payload.setProperty(runtime, "dismissCount", $event.dismissCount);
C/C++:     ^
C/C++: /Users/jhoncuervo/Documents/GitHub/AppRecicler/node_modules/react-native-screens/android/build/generated/source/codegen/jni/react/renderer/components/rnscreens/EventEmitters.cpp:47:51: warning: '$' in identifier [-Wdollar-in-identifier-extension]
C/C++:     $payload.setProperty(runtime, "dismissCount", $event.dismissCount);
C/C++:                                                   ^
C/C++: /Users/jhoncuervo/Documents/GitHub/AppRecicler/node_modules/react-native-screens/android/build/generated/source/codegen/jni/react/renderer/components/rnscreens/EventEmitters.cpp:48:12: warning: '$' in identifier [-Wdollar-in-identifier-extension]
C/C++:     return $payload;
C/C++:            ^
C/C++: /Users/jhoncuervo/Documents/GitHub/AppRecicler/node_modules/react-native-screens/android/build/generated/source/codegen/jni/react/renderer/components/rnscreens/EventEmitters.cpp:53:60: warning: '$' in identifier [-Wdollar-in-identifier-extension]
C/C++: void RNSModalScreenEventEmitter::onWillAppear(OnWillAppear $event) const {
C/C++:                                                            ^
C/C++: /Users/jhoncuervo/Documents/GitHub/AppRecicler/node_modules/react-native-screens/android/build/generated/source/codegen/jni/react/renderer/components/rnscreens/EventEmitters.cpp:55:10: warning: '$' in identifier [-Wdollar-in-identifier-extension]
C/C++:     auto $payload = jsi::Object(runtime);
C/C++:          ^
C/C++: /Users/jhoncuervo/Documents/GitHub/AppRecicler/node_modules/react-native-screens/android/build/generated/source/codegen/jni/react/renderer/components/rnscreens/EventEmitters.cpp:57:12: warning: '$' in identifier [-Wdollar-in-identifier-extension]
C/C++:     return $payload;
C/C++:            ^
C/C++: /Users/jhoncuervo/Documents/GitHub/AppRecicler/node_modules/react-native-screens/android/build/generated/source/codegen/jni/react/renderer/components/rnscreens/EventEmitters.cpp:62:66: warning: '$' in identifier [-Wdollar-in-identifier-extension]
C/C++: void RNSModalScreenEventEmitter::onWillDisappear(OnWillDisappear $event) const {
C/C++:                                                                  ^
C/C++: /Users/jhoncuervo/Documents/GitHub/AppRecicler/node_modules/react-native-screens/android/build/generated/source/codegen/jni/react/renderer/components/rnscreens/EventEmitters.cpp:64:10: warning: '$' in identifier [-Wdollar-in-identifier-extension]
C/C++:     auto $payload = jsi::Object(runtime);
C/C++:          ^
C/C++: /Users/jhoncuervo/Documents/GitHub/AppRecicler/node_modules/react-native-screens/android/build/generated/source/codegen/jni/react/renderer/components/rnscreens/EventEmitters.cpp:66:12: warning: '$' in identifier [-Wdollar-in-identifier-extension]
C/C++:     return $payload;
C/C++:            ^
C/C++: /Users/jhoncuervo/Documents/GitHub/AppRecicler/node_modules/react-native-screens/android/build/generated/source/codegen/jni/react/renderer/components/rnscreens/EventEmitters.cpp:71:76: warning: '$' in identifier [-Wdollar-in-identifier-extension]
C/C++: void RNSModalScreenEventEmitter::onHeaderHeightChange(OnHeaderHeightChange $event) const {
C/C++:                                                                            ^
C/C++: /Users/jhoncuervo/Documents/GitHub/AppRecicler/node_modules/react-native-screens/android/build/generated/source/codegen/jni/react/renderer/components/rnscreens/EventEmitters.cpp:72:40: warning: '$' in identifier [-Wdollar-in-identifier-extension]
C/C++:   dispatchEvent("headerHeightChange", [$event=std::move($event)](jsi::Runtime &runtime) {
C/C++:                                        ^
C/C++: /Users/jhoncuervo/Documents/GitHub/AppRecicler/node_modules/react-native-screens/android/build/generated/source/codegen/jni/react/renderer/components/rnscreens/EventEmitters.cpp:72:57: warning: '$' in identifier [-Wdollar-in-identifier-extension]
C/C++:   dispatchEvent("headerHeightChange", [$event=std::move($event)](jsi::Runtime &runtime) {
C/C++:                                                         ^
C/C++: /Users/jhoncuervo/Documents/GitHub/AppRecicler/node_modules/react-native-screens/android/build/generated/source/codegen/jni/react/renderer/components/rnscreens/EventEmitters.cpp:73:10: warning: '$' in identifier [-Wdollar-in-identifier-extension]
C/C++:     auto $payload = jsi::Object(runtime);
C/C++:          ^
C/C++: /Users/jhoncuervo/Documents/GitHub/AppRecicler/node_modules/react-native-screens/android/build/generated/source/codegen/jni/react/renderer/components/rnscreens/EventEmitters.cpp:74:5: warning: '$' in identifier [-Wdollar-in-identifier-extension]
C/C++:     $payload.setProperty(runtime, "headerHeight", $event.headerHeight);
C/C++:     ^
C/C++: /Users/jhoncuervo/Documents/GitHub/AppRecicler/node_modules/react-native-screens/android/build/generated/source/codegen/jni/react/renderer/components/rnscreens/EventEmitters.cpp:74:51: warning: '$' in identifier [-Wdollar-in-identifier-extension]
C/C++:     $payload.setProperty(runtime, "headerHeight", $event.headerHeight);
C/C++:                                                   ^
C/C++: /Users/jhoncuervo/Documents/GitHub/AppRecicler/node_modules/react-native-screens/android/build/generated/source/codegen/jni/react/renderer/components/rnscreens/EventEmitters.cpp:75:12: warning: '$' in identifier [-Wdollar-in-identifier-extension]
C/C++:     return $payload;
C/C++:            ^
C/C++: /Users/jhoncuervo/Documents/GitHub/AppRecicler/node_modules/react-native-screens/android/build/generated/source/codegen/jni/react/renderer/components/rnscreens/EventEmitters.cpp:80:76: warning: '$' in identifier [-Wdollar-in-identifier-extension]
C/C++: void RNSModalScreenEventEmitter::onTransitionProgress(OnTransitionProgress $event) const {
C/C++:                                                                            ^
C/C++: /Users/jhoncuervo/Documents/GitHub/AppRecicler/node_modules/react-native-screens/android/build/generated/source/codegen/jni/react/renderer/components/rnscreens/EventEmitters.cpp:81:40: warning: '$' in identifier [-Wdollar-in-identifier-extension]
C/C++:   dispatchEvent("transitionProgress", [$event=std::move($event)](jsi::Runtime &runtime) {
C/C++:                                        ^
C/C++: /Users/jhoncuervo/Documents/GitHub/AppRecicler/node_modules/react-native-screens/android/build/generated/source/codegen/jni/react/renderer/components/rnscreens/EventEmitters.cpp:81:57: warning: '$' in identifier [-Wdollar-in-identifier-extension]
C/C++:   dispatchEvent("transitionProgress", [$event=std::move($event)](jsi::Runtime &runtime) {
C/C++:                                                         ^
C/C++: /Users/jhoncuervo/Documents/GitHub/AppRecicler/node_modules/react-native-screens/android/build/generated/source/codegen/jni/react/renderer/components/rnscreens/EventEmitters.cpp:82:10: warning: '$' in identifier [-Wdollar-in-identifier-extension]
C/C++:     auto $payload = jsi::Object(runtime);
C/C++:          ^
C/C++: /Users/jhoncuervo/Documents/GitHub/AppRecicler/node_modules/react-native-screens/android/build/generated/source/codegen/jni/react/renderer/components/rnscreens/EventEmitters.cpp:83:5: warning: '$' in identifier [-Wdollar-in-identifier-extension]
C/C++:     $payload.setProperty(runtime, "progress", $event.progress);
C/C++:     ^
C/C++: /Users/jhoncuervo/Documents/GitHub/AppRecicler/node_modules/react-native-screens/android/build/generated/source/codegen/jni/react/renderer/components/rnscreens/EventEmitters.cpp:83:47: warning: '$' in identifier [-Wdollar-in-identifier-extension]
C/C++:     $payload.setProperty(runtime, "progress", $event.progress);
C/C++:                                               ^
C/C++: /Users/jhoncuervo/Documents/GitHub/AppRecicler/node_modules/react-native-screens/android/build/generated/source/codegen/jni/react/renderer/components/rnscreens/EventEmitters.cpp:84:1: warning: '$' in identifier [-Wdollar-in-identifier-extension]
C/C++: $payload.setProperty(runtime, "closing", $event.closing);
C/C++: ^
C/C++: /Users/jhoncuervo/Documents/GitHub/AppRecicler/node_modules/react-native-screens/android/build/generated/source/codegen/jni/react/renderer/components/rnscreens/EventEmitters.cpp:84:42: warning: '$' in identifier [-Wdollar-in-identifier-extension]
C/C++: $payload.setProperty(runtime, "closing", $event.closing);
C/C++:                                          ^
C/C++: /Users/jhoncuervo/Documents/GitHub/AppRecicler/node_modules/react-native-screens/android/build/generated/source/codegen/jni/react/renderer/components/rnscreens/EventEmitters.cpp:85:1: warning: '$' in identifier [-Wdollar-in-identifier-extension]
C/C++: $payload.setProperty(runtime, "goingForward", $event.goingForward);
C/C++: ^
C/C++: /Users/jhoncuervo/Documents/GitHub/AppRecicler/node_modules/react-native-screens/android/build/generated/source/codegen/jni/react/renderer/components/rnscreens/EventEmitters.cpp:85:47: warning: '$' in identifier [-Wdollar-in-identifier-extension]
C/C++: $payload.setProperty(runtime, "goingForward", $event.goingForward);
C/C++:                                               ^
C/C++: /Users/jhoncuervo/Documents/GitHub/AppRecicler/node_modules/react-native-screens/android/build/generated/source/codegen/jni/react/renderer/components/rnscreens/EventEmitters.cpp:86:12: warning: '$' in identifier [-Wdollar-in-identifier-extension]
C/C++:     return $payload;
C/C++:            ^
C/C++: /Users/jhoncuervo/Documents/GitHub/AppRecicler/node_modules/react-native-screens/android/build/generated/source/codegen/jni/react/renderer/components/rnscreens/EventEmitters.cpp:91:66: warning: '$' in identifier [-Wdollar-in-identifier-extension]
C/C++: void RNSModalScreenEventEmitter::onGestureCancel(OnGestureCancel $event) const {
C/C++:                                                                  ^
C/C++: /Users/jhoncuervo/Documents/GitHub/AppRecicler/node_modules/react-native-screens/android/build/generated/source/codegen/jni/react/renderer/components/rnscreens/EventEmitters.cpp:93:10: warning: '$' in identifier [-Wdollar-in-identifier-extension]
C/C++:     auto $payload = jsi::Object(runtime);
C/C++:          ^
C/C++: /Users/jhoncuervo/Documents/GitHub/AppRecicler/node_modules/react-native-screens/android/build/generated/source/codegen/jni/react/renderer/components/rnscreens/EventEmitters.cpp:95:12: warning: '$' in identifier [-Wdollar-in-identifier-extension]
C/C++:     return $payload;
C/C++:            ^
C/C++: /Users/jhoncuervo/Documents/GitHub/AppRecicler/node_modules/react-native-screens/android/build/generated/source/codegen/jni/react/renderer/components/rnscreens/EventEmitters.cpp:100:86: warning: '$' in identifier [-Wdollar-in-identifier-extension]
C/C++: void RNSModalScreenEventEmitter::onHeaderBackButtonClicked(OnHeaderBackButtonClicked $event) const {
C/C++:                                                                                      ^
C/C++: /Users/jhoncuervo/Documents/GitHub/AppRecicler/node_modules/react-native-screens/android/build/generated/source/codegen/jni/react/renderer/components/rnscreens/EventEmitters.cpp:102:10: warning: '$' in identifier [-Wdollar-in-identifier-extension]
C/C++:     auto $payload = jsi::Object(runtime);
C/C++:          ^
C/C++: /Users/jhoncuervo/Documents/GitHub/AppRecicler/node_modules/react-native-screens/android/build/generated/source/codegen/jni/react/renderer/components/rnscreens/EventEmitters.cpp:104:12: warning: '$' in identifier [-Wdollar-in-identifier-extension]
C/C++:     return $payload;
C/C++:            ^
C/C++: /Users/jhoncuervo/Documents/GitHub/AppRecicler/node_modules/react-native-screens/android/build/generated/source/codegen/jni/react/renderer/components/rnscreens/EventEmitters.cpp:109:76: warning: '$' in identifier [-Wdollar-in-identifier-extension]
C/C++: void RNSModalScreenEventEmitter::onSheetDetentChanged(OnSheetDetentChanged $event) const {
C/C++:                                                                            ^
C/C++: /Users/jhoncuervo/Documents/GitHub/AppRecicler/node_modules/react-native-screens/android/build/generated/source/codegen/jni/react/renderer/components/rnscreens/EventEmitters.cpp:110:40: warning: '$' in identifier [-Wdollar-in-identifier-extension]
C/C++:   dispatchEvent("sheetDetentChanged", [$event=std::move($event)](jsi::Runtime &runtime) {
C/C++:                                        ^
C/C++: /Users/jhoncuervo/Documents/GitHub/AppRecicler/node_modules/react-native-screens/android/build/generated/source/codegen/jni/react/renderer/components/rnscreens/EventEmitters.cpp:110:57: warning: '$' in identifier [-Wdollar-in-identifier-extension]
C/C++:   dispatchEvent("sheetDetentChanged", [$event=std::move($event)](jsi::Runtime &runtime) {
C/C++:                                                         ^
C/C++: /Users/jhoncuervo/Documents/GitHub/AppRecicler/node_modules/react-native-screens/android/build/generated/source/codegen/jni/react/renderer/components/rnscreens/EventEmitters.cpp:111:10: warning: '$' in identifier [-Wdollar-in-identifier-extension]
C/C++:     auto $payload = jsi::Object(runtime);
C/C++:          ^
C/C++: /Users/jhoncuervo/Documents/GitHub/AppRecicler/node_modules/react-native-screens/android/build/generated/source/codegen/jni/react/renderer/components/rnscreens/EventEmitters.cpp:112:5: warning: '$' in identifier [-Wdollar-in-identifier-extension]
C/C++:     $payload.setProperty(runtime, "index", $event.index);
C/C++:     ^
C/C++: /Users/jhoncuervo/Documents/GitHub/AppRecicler/node_modules/react-native-screens/android/build/generated/source/codegen/jni/react/renderer/components/rnscreens/EventEmitters.cpp:112:44: warning: '$' in identifier [-Wdollar-in-identifier-extension]
C/C++:     $payload.setProperty(runtime, "index", $event.index);
C/C++:                                            ^
C/C++: /Users/jhoncuervo/Documents/GitHub/AppRecicler/node_modules/react-native-screens/android/build/generated/source/codegen/jni/react/renderer/components/rnscreens/EventEmitters.cpp:113:1: warning: '$' in identifier [-Wdollar-in-identifier-extension]
C/C++: $payload.setProperty(runtime, "isStable", $event.isStable);
C/C++: ^
C/C++: /Users/jhoncuervo/Documents/GitHub/AppRecicler/node_modules/react-native-screens/android/build/generated/source/codegen/jni/react/renderer/components/rnscreens/EventEmitters.cpp:113:43: warning: '$' in identifier [-Wdollar-in-identifier-extension]
C/C++: $payload.setProperty(runtime, "isStable", $event.isStable);
C/C++:                                           ^
C/C++: /Users/jhoncuervo/Documents/GitHub/AppRecicler/node_modules/react-native-screens/android/build/generated/source/codegen/jni/react/renderer/components/rnscreens/EventEmitters.cpp:114:12: warning: '$' in identifier [-Wdollar-in-identifier-extension]
C/C++:     return $payload;
C/C++:            ^
C/C++: /Users/jhoncuervo/Documents/GitHub/AppRecicler/node_modules/react-native-screens/android/build/generated/source/codegen/jni/react/renderer/components/rnscreens/EventEmitters.cpp:122:47: warning: '$' in identifier [-Wdollar-in-identifier-extension]
C/C++: void RNSScreenEventEmitter::onAppear(OnAppear $event) const {
C/C++:                                               ^
C/C++: /Users/jhoncuervo/Documents/GitHub/AppRecicler/node_modules/react-native-screens/android/build/generated/source/codegen/jni/react/renderer/components/rnscreens/EventEmitters.cpp:124:10: warning: '$' in identifier [-Wdollar-in-identifier-extension]
C/C++:     auto $payload = jsi::Object(runtime);
C/C++:          ^
C/C++: /Users/jhoncuervo/Documents/GitHub/AppRecicler/node_modules/react-native-screens/android/build/generated/source/codegen/jni/react/renderer/components/rnscreens/EventEmitters.cpp:126:12: warning: '$' in identifier [-Wdollar-in-identifier-extension]
C/C++:     return $payload;
C/C++:            ^
C/C++: /Users/jhoncuervo/Documents/GitHub/AppRecicler/node_modules/react-native-screens/android/build/generated/source/codegen/jni/react/renderer/components/rnscreens/EventEmitters.cpp:131:53: warning: '$' in identifier [-Wdollar-in-identifier-extension]
C/C++: void RNSScreenEventEmitter::onDisappear(OnDisappear $event) const {
C/C++:                                                     ^
C/C++: /Users/jhoncuervo/Documents/GitHub/AppRecicler/node_modules/react-native-screens/android/build/generated/source/codegen/jni/react/renderer/components/rnscreens/EventEmitters.cpp:133:10: warning: '$' in identifier [-Wdollar-in-identifier-extension]
C/C++:     auto $payload = jsi::Object(runtime);
C/C++:          ^
C/C++: /Users/jhoncuervo/Documents/GitHub/AppRecicler/node_modules/react-native-screens/android/build/generated/source/codegen/jni/react/renderer/components/rnscreens/EventEmitters.cpp:135:12: warning: '$' in identifier [-Wdollar-in-identifier-extension]
C/C++:     return $payload;
C/C++:            ^
C/C++: /Users/jhoncuervo/Documents/GitHub/AppRecicler/node_modules/react-native-screens/android/build/generated/source/codegen/jni/react/renderer/components/rnscreens/EventEmitters.cpp:140:53: warning: '$' in identifier [-Wdollar-in-identifier-extension]
C/C++: void RNSScreenEventEmitter::onDismissed(OnDismissed $event) const {
C/C++:                                                     ^
C/C++: /Users/jhoncuervo/Documents/GitHub/AppRecicler/node_modules/react-native-screens/android/build/generated/source/codegen/jni/react/renderer/components/rnscreens/EventEmitters.cpp:141:31: warning: '$' in identifier [-Wdollar-in-identifier-extension]
C/C++:   dispatchEvent("dismissed", [$event=std::move($event)](jsi::Runtime &runtime) {
C/C++:                               ^
C/C++: /Users/jhoncuervo/Documents/GitHub/AppRecicler/node_modules/react-native-screens/android/build/generated/source/codegen/jni/react/renderer/components/rnscreens/EventEmitters.cpp:141:48: warning: '$' in identifier [-Wdollar-in-identifier-extension]
C/C++:   dispatchEvent("dismissed", [$event=std::move($event)](jsi::Runtime &runtime) {
C/C++:                                                ^
C/C++: /Users/jhoncuervo/Documents/GitHub/AppRecicler/node_modules/react-native-screens/android/build/generated/source/codegen/jni/react/renderer/components/rnscreens/EventEmitters.cpp:142:10: warning: '$' in identifier [-Wdollar-in-identifier-extension]
C/C++:     auto $payload = jsi::Object(runtime);
C/C++:          ^
C/C++: /Users/jhoncuervo/Documents/GitHub/AppRecicler/node_modules/react-native-screens/android/build/generated/source/codegen/jni/react/renderer/components/rnscreens/EventEmitters.cpp:143:5: warning: '$' in identifier [-Wdollar-in-identifier-extension]
C/C++:     $payload.setProperty(runtime, "dismissCount", $event.dismissCount);
C/C++:     ^
C/C++: /Users/jhoncuervo/Documents/GitHub/AppRecicler/node_modules/react-native-screens/android/build/generated/source/codegen/jni/react/renderer/components/rnscreens/EventEmitters.cpp:143:51: warning: '$' in identifier [-Wdollar-in-identifier-extension]
C/C++:     $payload.setProperty(runtime, "dismissCount", $event.dismissCount);
C/C++:                                                   ^
C/C++: /Users/jhoncuervo/Documents/GitHub/AppRecicler/node_modules/react-native-screens/android/build/generated/source/codegen/jni/react/renderer/components/rnscreens/EventEmitters.cpp:144:12: warning: '$' in identifier [-Wdollar-in-identifier-extension]
C/C++:     return $payload;
C/C++:            ^
C/C++: /Users/jhoncuervo/Documents/GitHub/AppRecicler/node_modules/react-native-screens/android/build/generated/source/codegen/jni/react/renderer/components/rnscreens/EventEmitters.cpp:149:79: warning: '$' in identifier [-Wdollar-in-identifier-extension]
C/C++: void RNSScreenEventEmitter::onNativeDismissCancelled(OnNativeDismissCancelled $event) const {
C/C++:                                                                               ^
C/C++: /Users/jhoncuervo/Documents/GitHub/AppRecicler/node_modules/react-native-screens/android/build/generated/source/codegen/jni/react/renderer/components/rnscreens/EventEmitters.cpp:150:44: warning: '$' in identifier [-Wdollar-in-identifier-extension]
C/C++:   dispatchEvent("nativeDismissCancelled", [$event=std::move($event)](jsi::Runtime &runtime) {
C/C++:                                            ^
C/C++: /Users/jhoncuervo/Documents/GitHub/AppRecicler/node_modules/react-native-screens/android/build/generated/source/codegen/jni/react/renderer/components/rnscreens/EventEmitters.cpp:150:61: warning: '$' in identifier [-Wdollar-in-identifier-extension]
C/C++:   dispatchEvent("nativeDismissCancelled", [$event=std::move($event)](jsi::Runtime &runtime) {
C/C++:                                                             ^
C/C++: /Users/jhoncuervo/Documents/GitHub/AppRecicler/node_modules/react-native-screens/android/build/generated/source/codegen/jni/react/renderer/components/rnscreens/EventEmitters.cpp:151:10: warning: '$' in identifier [-Wdollar-in-identifier-extension]
C/C++:     auto $payload = jsi::Object(runtime);
C/C++:          ^
C/C++: /Users/jhoncuervo/Documents/GitHub/AppRecicler/node_modules/react-native-screens/android/build/generated/source/codegen/jni/react/renderer/components/rnscreens/EventEmitters.cpp:152:5: warning: '$' in identifier [-Wdollar-in-identifier-extension]
C/C++:     $payload.setProperty(runtime, "dismissCount", $event.dismissCount);
C/C++:     ^
C/C++: /Users/jhoncuervo/Documents/GitHub/AppRecicler/node_modules/react-native-screens/android/build/generated/source/codegen/jni/react/renderer/components/rnscreens/EventEmitters.cpp:152:51: warning: '$' in identifier [-Wdollar-in-identifier-extension]
C/C++:     $payload.setProperty(runtime, "dismissCount", $event.dismissCount);
C/C++:                                                   ^
C/C++: /Users/jhoncuervo/Documents/GitHub/AppRecicler/node_modules/react-native-screens/android/build/generated/source/codegen/jni/react/renderer/components/rnscreens/EventEmitters.cpp:153:12: warning: '$' in identifier [-Wdollar-in-identifier-extension]
C/C++:     return $payload;
C/C++:            ^
C/C++: /Users/jhoncuervo/Documents/GitHub/AppRecicler/node_modules/react-native-screens/android/build/generated/source/codegen/jni/react/renderer/components/rnscreens/EventEmitters.cpp:158:55: warning: '$' in identifier [-Wdollar-in-identifier-extension]
C/C++: void RNSScreenEventEmitter::onWillAppear(OnWillAppear $event) const {
C/C++:                                                       ^
C/C++: /Users/jhoncuervo/Documents/GitHub/AppRecicler/node_modules/react-native-screens/android/build/generated/source/codegen/jni/react/renderer/components/rnscreens/EventEmitters.cpp:160:10: warning: '$' in identifier [-Wdollar-in-identifier-extension]
C/C++:     auto $payload = jsi::Object(runtime);
C/C++:          ^
C/C++: /Users/jhoncuervo/Documents/GitHub/AppRecicler/node_modules/react-native-screens/android/build/generated/source/codegen/jni/react/renderer/components/rnscreens/EventEmitters.cpp:162:12: warning: '$' in identifier [-Wdollar-in-identifier-extension]
C/C++:     return $payload;
C/C++:            ^
C/C++: /Users/jhoncuervo/Documents/GitHub/AppRecicler/node_modules/react-native-screens/android/build/generated/source/codegen/jni/react/renderer/components/rnscreens/EventEmitters.cpp:167:61: warning: '$' in identifier [-Wdollar-in-identifier-extension]
C/C++: void RNSScreenEventEmitter::onWillDisappear(OnWillDisappear $event) const {
C/C++:                                                             ^
C/C++: /Users/jhoncuervo/Documents/GitHub/AppRecicler/node_modules/react-native-screens/android/build/generated/source/codegen/jni/react/renderer/components/rnscreens/EventEmitters.cpp:169:10: warning: '$' in identifier [-Wdollar-in-identifier-extension]
C/C++:     auto $payload = jsi::Object(runtime);
C/C++:          ^
C/C++: /Users/jhoncuervo/Documents/GitHub/AppRecicler/node_modules/react-native-screens/android/build/generated/source/codegen/jni/react/renderer/components/rnscreens/EventEmitters.cpp:171:12: warning: '$' in identifier [-Wdollar-in-identifier-extension]
C/C++:     return $payload;
C/C++:            ^
C/C++: /Users/jhoncuervo/Documents/GitHub/AppRecicler/node_modules/react-native-screens/android/build/generated/source/codegen/jni/react/renderer/components/rnscreens/EventEmitters.cpp:176:71: warning: '$' in identifier [-Wdollar-in-identifier-extension]
C/C++: void RNSScreenEventEmitter::onHeaderHeightChange(OnHeaderHeightChange $event) const {
C/C++:                                                                       ^
C/C++: /Users/jhoncuervo/Documents/GitHub/AppRecicler/node_modules/react-native-screens/android/build/generated/source/codegen/jni/react/renderer/components/rnscreens/EventEmitters.cpp:177:40: warning: '$' in identifier [-Wdollar-in-identifier-extension]
C/C++:   dispatchEvent("headerHeightChange", [$event=std::move($event)](jsi::Runtime &runtime) {
C/C++:                                        ^
C/C++: /Users/jhoncuervo/Documents/GitHub/AppRecicler/node_modules/react-native-screens/android/build/generated/source/codegen/jni/react/renderer/components/rnscreens/EventEmitters.cpp:177:57: warning: '$' in identifier [-Wdollar-in-identifier-extension]
C/C++:   dispatchEvent("headerHeightChange", [$event=std::move($event)](jsi::Runtime &runtime) {
C/C++:                                                         ^
C/C++: /Users/jhoncuervo/Documents/GitHub/AppRecicler/node_modules/react-native-screens/android/build/generated/source/codegen/jni/react/renderer/components/rnscreens/EventEmitters.cpp:178:10: warning: '$' in identifier [-Wdollar-in-identifier-extension]
C/C++:     auto $payload = jsi::Object(runtime);
C/C++:          ^
C/C++: /Users/jhoncuervo/Documents/GitHub/AppRecicler/node_modules/react-native-screens/android/build/generated/source/codegen/jni/react/renderer/components/rnscreens/EventEmitters.cpp:179:5: warning: '$' in identifier [-Wdollar-in-identifier-extension]
C/C++:     $payload.setProperty(runtime, "headerHeight", $event.headerHeight);
C/C++:     ^
C/C++: /Users/jhoncuervo/Documents/GitHub/AppRecicler/node_modules/react-native-screens/android/build/generated/source/codegen/jni/react/renderer/components/rnscreens/EventEmitters.cpp:179:51: warning: '$' in identifier [-Wdollar-in-identifier-extension]
C/C++:     $payload.setProperty(runtime, "headerHeight", $event.headerHeight);
C/C++:                                                   ^
C/C++: /Users/jhoncuervo/Documents/GitHub/AppRecicler/node_modules/react-native-screens/android/build/generated/source/codegen/jni/react/renderer/components/rnscreens/EventEmitters.cpp:180:12: warning: '$' in identifier [-Wdollar-in-identifier-extension]
C/C++:     return $payload;
C/C++:            ^
C/C++: /Users/jhoncuervo/Documents/GitHub/AppRecicler/node_modules/react-native-screens/android/build/generated/source/codegen/jni/react/renderer/components/rnscreens/EventEmitters.cpp:185:71: warning: '$' in identifier [-Wdollar-in-identifier-extension]
C/C++: void RNSScreenEventEmitter::onTransitionProgress(OnTransitionProgress $event) const {
C/C++:                                                                       ^
C/C++: /Users/jhoncuervo/Documents/GitHub/AppRecicler/node_modules/react-native-screens/android/build/generated/source/codegen/jni/react/renderer/components/rnscreens/EventEmitters.cpp:186:40: warning: '$' in identifier [-Wdollar-in-identifier-extension]
C/C++:   dispatchEvent("transitionProgress", [$event=std::move($event)](jsi::Runtime &runtime) {
C/C++:                                        ^
C/C++: /Users/jhoncuervo/Documents/GitHub/AppRecicler/node_modules/react-native-screens/android/build/generated/source/codegen/jni/react/renderer/components/rnscreens/EventEmitters.cpp:186:57: warning: '$' in identifier [-Wdollar-in-identifier-extension]
C/C++:   dispatchEvent("transitionProgress", [$event=std::move($event)](jsi::Runtime &runtime) {
C/C++:                                                         ^
C/C++: /Users/jhoncuervo/Documents/GitHub/AppRecicler/node_modules/react-native-screens/android/build/generated/source/codegen/jni/react/renderer/components/rnscreens/EventEmitters.cpp:187:10: warning: '$' in identifier [-Wdollar-in-identifier-extension]
C/C++:     auto $payload = jsi::Object(runtime);
C/C++:          ^
C/C++: /Users/jhoncuervo/Documents/GitHub/AppRecicler/node_modules/react-native-screens/android/build/generated/source/codegen/jni/react/renderer/components/rnscreens/EventEmitters.cpp:188:5: warning: '$' in identifier [-Wdollar-in-identifier-extension]
C/C++:     $payload.setProperty(runtime, "progress", $event.progress);
C/C++:     ^
C/C++: /Users/jhoncuervo/Documents/GitHub/AppRecicler/node_modules/react-native-screens/android/build/generated/source/codegen/jni/react/renderer/components/rnscreens/EventEmitters.cpp:188:47: warning: '$' in identifier [-Wdollar-in-identifier-extension]
C/C++:     $payload.setProperty(runtime, "progress", $event.progress);
C/C++:                                               ^
C/C++: /Users/jhoncuervo/Documents/GitHub/AppRecicler/node_modules/react-native-screens/android/build/generated/source/codegen/jni/react/renderer/components/rnscreens/EventEmitters.cpp:189:1: warning: '$' in identifier [-Wdollar-in-identifier-extension]
C/C++: $payload.setProperty(runtime, "closing", $event.closing);
C/C++: ^
C/C++: /Users/jhoncuervo/Documents/GitHub/AppRecicler/node_modules/react-native-screens/android/build/generated/source/codegen/jni/react/renderer/components/rnscreens/EventEmitters.cpp:189:42: warning: '$' in identifier [-Wdollar-in-identifier-extension]
C/C++: $payload.setProperty(runtime, "closing", $event.closing);
C/C++:                                          ^
C/C++: /Users/jhoncuervo/Documents/GitHub/AppRecicler/node_modules/react-native-screens/android/build/generated/source/codegen/jni/react/renderer/components/rnscreens/EventEmitters.cpp:190:1: warning: '$' in identifier [-Wdollar-in-identifier-extension]
C/C++: $payload.setProperty(runtime, "goingForward", $event.goingForward);
C/C++: ^
C/C++: /Users/jhoncuervo/Documents/GitHub/AppRecicler/node_modules/react-native-screens/android/build/generated/source/codegen/jni/react/renderer/components/rnscreens/EventEmitters.cpp:190:47: warning: '$' in identifier [-Wdollar-in-identifier-extension]
C/C++: $payload.setProperty(runtime, "goingForward", $event.goingForward);
C/C++:                                               ^
C/C++: /Users/jhoncuervo/Documents/GitHub/AppRecicler/node_modules/react-native-screens/android/build/generated/source/codegen/jni/react/renderer/components/rnscreens/EventEmitters.cpp:191:12: warning: '$' in identifier [-Wdollar-in-identifier-extension]
C/C++:     return $payload;
C/C++:            ^
C/C++: /Users/jhoncuervo/Documents/GitHub/AppRecicler/node_modules/react-native-screens/android/build/generated/source/codegen/jni/react/renderer/components/rnscreens/EventEmitters.cpp:196:61: warning: '$' in identifier [-Wdollar-in-identifier-extension]
C/C++: void RNSScreenEventEmitter::onGestureCancel(OnGestureCancel $event) const {
C/C++:                                                             ^
C/C++: /Users/jhoncuervo/Documents/GitHub/AppRecicler/node_modules/react-native-screens/android/build/generated/source/codegen/jni/react/renderer/components/rnscreens/EventEmitters.cpp:198:10: warning: '$' in identifier [-Wdollar-in-identifier-extension]
C/C++:     auto $payload = jsi::Object(runtime);
C/C++:          ^
C/C++: /Users/jhoncuervo/Documents/GitHub/AppRecicler/node_modules/react-native-screens/android/build/generated/source/codegen/jni/react/renderer/components/rnscreens/EventEmitters.cpp:200:12: warning: '$' in identifier [-Wdollar-in-identifier-extension]
C/C++:     return $payload;
C/C++:            ^
C/C++: /Users/jhoncuervo/Documents/GitHub/AppRecicler/node_modules/react-native-screens/android/build/generated/source/codegen/jni/react/renderer/components/rnscreens/EventEmitters.cpp:205:81: warning: '$' in identifier [-Wdollar-in-identifier-extension]
C/C++: void RNSScreenEventEmitter::onHeaderBackButtonClicked(OnHeaderBackButtonClicked $event) const {
C/C++:                                                                                 ^
C/C++: /Users/jhoncuervo/Documents/GitHub/AppRecicler/node_modules/react-native-screens/android/build/generated/source/codegen/jni/react/renderer/components/rnscreens/EventEmitters.cpp:207:10: warning: '$' in identifier [-Wdollar-in-identifier-extension]
C/C++:     auto $payload = jsi::Object(runtime);
C/C++:          ^
C/C++: /Users/jhoncuervo/Documents/GitHub/AppRecicler/node_modules/react-native-screens/android/build/generated/source/codegen/jni/react/renderer/components/rnscreens/EventEmitters.cpp:209:12: warning: '$' in identifier [-Wdollar-in-identifier-extension]
C/C++:     return $payload;
C/C++:            ^
C/C++: /Users/jhoncuervo/Documents/GitHub/AppRecicler/node_modules/react-native-screens/android/build/generated/source/codegen/jni/react/renderer/components/rnscreens/EventEmitters.cpp:214:71: warning: '$' in identifier [-Wdollar-in-identifier-extension]
C/C++: void RNSScreenEventEmitter::onSheetDetentChanged(OnSheetDetentChanged $event) const {
C/C++:                                                                       ^
C/C++: /Users/jhoncuervo/Documents/GitHub/AppRecicler/node_modules/react-native-screens/android/build/generated/source/codegen/jni/react/renderer/components/rnscreens/EventEmitters.cpp:215:40: warning: '$' in identifier [-Wdollar-in-identifier-extension]
C/C++:   dispatchEvent("sheetDetentChanged", [$event=std::move($event)](jsi::Runtime &runtime) {
C/C++:                                        ^
C/C++: /Users/jhoncuervo/Documents/GitHub/AppRecicler/node_modules/react-native-screens/android/build/generated/source/codegen/jni/react/renderer/components/rnscreens/EventEmitters.cpp:215:57: warning: '$' in identifier [-Wdollar-in-identifier-extension]
C/C++:   dispatchEvent("sheetDetentChanged", [$event=std::move($event)](jsi::Runtime &runtime) {
C/C++:                                                         ^
C/C++: /Users/jhoncuervo/Documents/GitHub/AppRecicler/node_modules/react-native-screens/android/build/generated/source/codegen/jni/react/renderer/components/rnscreens/EventEmitters.cpp:216:10: warning: '$' in identifier [-Wdollar-in-identifier-extension]
C/C++:     auto $payload = jsi::Object(runtime);
C/C++:          ^
C/C++: /Users/jhoncuervo/Documents/GitHub/AppRecicler/node_modules/react-native-screens/android/build/generated/source/codegen/jni/react/renderer/components/rnscreens/EventEmitters.cpp:217:5: warning: '$' in identifier [-Wdollar-in-identifier-extension]
C/C++:     $payload.setProperty(runtime, "index", $event.index);
C/C++:     ^
C/C++: /Users/jhoncuervo/Documents/GitHub/AppRecicler/node_modules/react-native-screens/android/build/generated/source/codegen/jni/react/renderer/components/rnscreens/EventEmitters.cpp:217:44: warning: '$' in identifier [-Wdollar-in-identifier-extension]
C/C++:     $payload.setProperty(runtime, "index", $event.index);
C/C++:                                            ^
C/C++: /Users/jhoncuervo/Documents/GitHub/AppRecicler/node_modules/react-native-screens/android/build/generated/source/codegen/jni/react/renderer/components/rnscreens/EventEmitters.cpp:218:1: warning: '$' in identifier [-Wdollar-in-identifier-extension]
C/C++: $payload.setProperty(runtime, "isStable", $event.isStable);
C/C++: ^
C/C++: /Users/jhoncuervo/Documents/GitHub/AppRecicler/node_modules/react-native-screens/android/build/generated/source/codegen/jni/react/renderer/components/rnscreens/EventEmitters.cpp:218:43: warning: '$' in identifier [-Wdollar-in-identifier-extension]
C/C++: $payload.setProperty(runtime, "isStable", $event.isStable);
C/C++:                                           ^
C/C++: /Users/jhoncuervo/Documents/GitHub/AppRecicler/node_modules/react-native-screens/android/build/generated/source/codegen/jni/react/renderer/components/rnscreens/EventEmitters.cpp:219:12: warning: '$' in identifier [-Wdollar-in-identifier-extension]
C/C++:     return $payload;
C/C++:            ^
C/C++: /Users/jhoncuervo/Documents/GitHub/AppRecicler/node_modules/react-native-screens/android/build/generated/source/codegen/jni/react/renderer/components/rnscreens/EventEmitters.cpp:225:68: warning: '$' in identifier [-Wdollar-in-identifier-extension]
C/C++: void RNSScreenStackHeaderConfigEventEmitter::onAttached(OnAttached $event) const {
C/C++:                                                                    ^
C/C++: /Users/jhoncuervo/Documents/GitHub/AppRecicler/node_modules/react-native-screens/android/build/generated/source/codegen/jni/react/renderer/components/rnscreens/EventEmitters.cpp:227:10: warning: '$' in identifier [-Wdollar-in-identifier-extension]
C/C++:     auto $payload = jsi::Object(runtime);
C/C++:          ^
C/C++: /Users/jhoncuervo/Documents/GitHub/AppRecicler/node_modules/react-native-screens/android/build/generated/source/codegen/jni/react/renderer/components/rnscreens/EventEmitters.cpp:229:12: warning: '$' in identifier [-Wdollar-in-identifier-extension]
C/C++:     return $payload;
C/C++:            ^
C/C++: /Users/jhoncuervo/Documents/GitHub/AppRecicler/node_modules/react-native-screens/android/build/generated/source/codegen/jni/react/renderer/components/rnscreens/EventEmitters.cpp:234:68: warning: '$' in identifier [-Wdollar-in-identifier-extension]
C/C++: void RNSScreenStackHeaderConfigEventEmitter::onDetached(OnDetached $event) const {
C/C++:                                                                    ^
C/C++: /Users/jhoncuervo/Documents/GitHub/AppRecicler/node_modules/react-native-screens/android/build/generated/source/codegen/jni/react/renderer/components/rnscreens/EventEmitters.cpp:236:10: warning: '$' in identifier [-Wdollar-in-identifier-extension]
C/C++:     auto $payload = jsi::Object(runtime);
C/C++:          ^
C/C++: /Users/jhoncuervo/Documents/GitHub/AppRecicler/node_modules/react-native-screens/android/build/generated/source/codegen/jni/react/renderer/components/rnscreens/EventEmitters.cpp:238:12: warning: '$' in identifier [-Wdollar-in-identifier-extension]
C/C++:     return $payload;
C/C++:            ^
C/C++: /Users/jhoncuervo/Documents/GitHub/AppRecicler/node_modules/react-native-screens/android/build/generated/source/codegen/jni/react/renderer/components/rnscreens/EventEmitters.cpp:244:78: warning: '$' in identifier [-Wdollar-in-identifier-extension]
C/C++: void RNSScreenStackEventEmitter::onFinishTransitioning(OnFinishTransitioning $event) const {
C/C++:                                                                              ^
C/C++: /Users/jhoncuervo/Documents/GitHub/AppRecicler/node_modules/react-native-screens/android/build/generated/source/codegen/jni/react/renderer/components/rnscreens/EventEmitters.cpp:246:10: warning: '$' in identifier [-Wdollar-in-identifier-extension]
C/C++:     auto $payload = jsi::Object(runtime);
C/C++:          ^
C/C++: /Users/jhoncuervo/Documents/GitHub/AppRecicler/node_modules/react-native-screens/android/build/generated/source/codegen/jni/react/renderer/components/rnscreens/EventEmitters.cpp:248:12: warning: '$' in identifier [-Wdollar-in-identifier-extension]
C/C++:     return $payload;
C/C++:            ^
C/C++: /Users/jhoncuervo/Documents/GitHub/AppRecicler/node_modules/react-native-screens/android/build/generated/source/codegen/jni/react/renderer/components/rnscreens/EventEmitters.cpp:253:60: warning: '$' in identifier [-Wdollar-in-identifier-extension]
C/C++: void RNSSearchBarEventEmitter::onSearchFocus(OnSearchFocus $event) const {
C/C++:                                                            ^
C/C++: /Users/jhoncuervo/Documents/GitHub/AppRecicler/node_modules/react-native-screens/android/build/generated/source/codegen/jni/react/renderer/components/rnscreens/EventEmitters.cpp:255:10: warning: '$' in identifier [-Wdollar-in-identifier-extension]
C/C++:     auto $payload = jsi::Object(runtime);
C/C++:          ^
C/C++: /Users/jhoncuervo/Documents/GitHub/AppRecicler/node_modules/react-native-screens/android/build/generated/source/codegen/jni/react/renderer/components/rnscreens/EventEmitters.cpp:257:12: warning: '$' in identifier [-Wdollar-in-identifier-extension]
C/C++:     return $payload;
C/C++:            ^
C/C++: /Users/jhoncuervo/Documents/GitHub/AppRecicler/node_modules/react-native-screens/android/build/generated/source/codegen/jni/react/renderer/components/rnscreens/EventEmitters.cpp:262:58: warning: '$' in identifier [-Wdollar-in-identifier-extension]
C/C++: void RNSSearchBarEventEmitter::onSearchBlur(OnSearchBlur $event) const {
C/C++:                                                          ^
C/C++: /Users/jhoncuervo/Documents/GitHub/AppRecicler/node_modules/react-native-screens/android/build/generated/source/codegen/jni/react/renderer/components/rnscreens/EventEmitters.cpp:264:10: warning: '$' in identifier [-Wdollar-in-identifier-extension]
C/C++:     auto $payload = jsi::Object(runtime);
C/C++:          ^
C/C++: /Users/jhoncuervo/Documents/GitHub/AppRecicler/node_modules/react-native-screens/android/build/generated/source/codegen/jni/react/renderer/components/rnscreens/EventEmitters.cpp:266:12: warning: '$' in identifier [-Wdollar-in-identifier-extension]
C/C++:     return $payload;
C/C++:            ^
C/C++: /Users/jhoncuervo/Documents/GitHub/AppRecicler/node_modules/react-native-screens/android/build/generated/source/codegen/jni/react/renderer/components/rnscreens/EventEmitters.cpp:271:72: warning: '$' in identifier [-Wdollar-in-identifier-extension]
C/C++: void RNSSearchBarEventEmitter::onSearchButtonPress(OnSearchButtonPress $event) const {
C/C++:                                                                        ^
C/C++: /Users/jhoncuervo/Documents/GitHub/AppRecicler/node_modules/react-native-screens/android/build/generated/source/codegen/jni/react/renderer/components/rnscreens/EventEmitters.cpp:272:39: warning: '$' in identifier [-Wdollar-in-identifier-extension]
C/C++:   dispatchEvent("searchButtonPress", [$event=std::move($event)](jsi::Runtime &runtime) {
C/C++:                                       ^
C/C++: /Users/jhoncuervo/Documents/GitHub/AppRecicler/node_modules/react-native-screens/android/build/generated/source/codegen/jni/react/renderer/components/rnscreens/EventEmitters.cpp:272:56: warning: '$' in identifier [-Wdollar-in-identifier-extension]
C/C++:   dispatchEvent("searchButtonPress", [$event=std::move($event)](jsi::Runtime &runtime) {
C/C++:                                                        ^
C/C++: /Users/jhoncuervo/Documents/GitHub/AppRecicler/node_modules/react-native-screens/android/build/generated/source/codegen/jni/react/renderer/components/rnscreens/EventEmitters.cpp:273:10: warning: '$' in identifier [-Wdollar-in-identifier-extension]
C/C++:     auto $payload = jsi::Object(runtime);
C/C++:          ^
C/C++: /Users/jhoncuervo/Documents/GitHub/AppRecicler/node_modules/react-native-screens/android/build/generated/source/codegen/jni/react/renderer/components/rnscreens/EventEmitters.cpp:274:5: warning: '$' in identifier [-Wdollar-in-identifier-extension]
C/C++:     $payload.setProperty(runtime, "text", $event.text);
C/C++:     ^
C/C++: /Users/jhoncuervo/Documents/GitHub/AppRecicler/node_modules/react-native-screens/android/build/generated/source/codegen/jni/react/renderer/components/rnscreens/EventEmitters.cpp:274:43: warning: '$' in identifier [-Wdollar-in-identifier-extension]
C/C++:     $payload.setProperty(runtime, "text", $event.text);
C/C++:                                           ^
C/C++: /Users/jhoncuervo/Documents/GitHub/AppRecicler/node_modules/react-native-screens/android/build/generated/source/codegen/jni/react/renderer/components/rnscreens/EventEmitters.cpp:275:12: warning: '$' in identifier [-Wdollar-in-identifier-extension]
C/C++:     return $payload;
C/C++:            ^
C/C++: /Users/jhoncuervo/Documents/GitHub/AppRecicler/node_modules/react-native-screens/android/build/generated/source/codegen/jni/react/renderer/components/rnscreens/EventEmitters.cpp:280:72: warning: '$' in identifier [-Wdollar-in-identifier-extension]
C/C++: void RNSSearchBarEventEmitter::onCancelButtonPress(OnCancelButtonPress $event) const {
C/C++:                                                                        ^
C/C++: /Users/jhoncuervo/Documents/GitHub/AppRecicler/node_modules/react-native-screens/android/build/generated/source/codegen/jni/react/renderer/components/rnscreens/EventEmitters.cpp:282:10: warning: '$' in identifier [-Wdollar-in-identifier-extension]
C/C++:     auto $payload = jsi::Object(runtime);
C/C++:          ^
C/C++: /Users/jhoncuervo/Documents/GitHub/AppRecicler/node_modules/react-native-screens/android/build/generated/source/codegen/jni/react/renderer/components/rnscreens/EventEmitters.cpp:284:12: warning: '$' in identifier [-Wdollar-in-identifier-extension]
C/C++:     return $payload;
C/C++:            ^
C/C++: /Users/jhoncuervo/Documents/GitHub/AppRecicler/node_modules/react-native-screens/android/build/generated/source/codegen/jni/react/renderer/components/rnscreens/EventEmitters.cpp:289:58: warning: '$' in identifier [-Wdollar-in-identifier-extension]
C/C++: void RNSSearchBarEventEmitter::onChangeText(OnChangeText $event) const {
C/C++:                                                          ^
C/C++: /Users/jhoncuervo/Documents/GitHub/AppRecicler/node_modules/react-native-screens/android/build/generated/source/codegen/jni/react/renderer/components/rnscreens/EventEmitters.cpp:290:32: warning: '$' in identifier [-Wdollar-in-identifier-extension]
C/C++:   dispatchEvent("changeText", [$event=std::move($event)](jsi::Runtime &runtime) {
C/C++:                                ^
C/C++: /Users/jhoncuervo/Documents/GitHub/AppRecicler/node_modules/react-native-screens/android/build/generated/source/codegen/jni/react/renderer/components/rnscreens/EventEmitters.cpp:290:49: warning: '$' in identifier [-Wdollar-in-identifier-extension]
C/C++:   dispatchEvent("changeText", [$event=std::move($event)](jsi::Runtime &runtime) {
C/C++:                                                 ^
C/C++: /Users/jhoncuervo/Documents/GitHub/AppRecicler/node_modules/react-native-screens/android/build/generated/source/codegen/jni/react/renderer/components/rnscreens/EventEmitters.cpp:291:10: warning: '$' in identifier [-Wdollar-in-identifier-extension]
C/C++:     auto $payload = jsi::Object(runtime);
C/C++:          ^
C/C++: /Users/jhoncuervo/Documents/GitHub/AppRecicler/node_modules/react-native-screens/android/build/generated/source/codegen/jni/react/renderer/components/rnscreens/EventEmitters.cpp:292:5: warning: '$' in identifier [-Wdollar-in-identifier-extension]
C/C++:     $payload.setProperty(runtime, "text", $event.text);
C/C++:     ^
C/C++: /Users/jhoncuervo/Documents/GitHub/AppRecicler/node_modules/react-native-screens/android/build/generated/source/codegen/jni/react/renderer/components/rnscreens/EventEmitters.cpp:292:43: warning: '$' in identifier [-Wdollar-in-identifier-extension]
C/C++:     $payload.setProperty(runtime, "text", $event.text);
C/C++:                                           ^
C/C++: /Users/jhoncuervo/Documents/GitHub/AppRecicler/node_modules/react-native-screens/android/build/generated/source/codegen/jni/react/renderer/components/rnscreens/EventEmitters.cpp:293:12: warning: '$' in identifier [-Wdollar-in-identifier-extension]
C/C++:     return $payload;
C/C++:            ^
C/C++: /Users/jhoncuervo/Documents/GitHub/AppRecicler/node_modules/react-native-screens/android/build/generated/source/codegen/jni/react/renderer/components/rnscreens/EventEmitters.cpp:298:48: warning: '$' in identifier [-Wdollar-in-identifier-extension]
C/C++: void RNSSearchBarEventEmitter::onClose(OnClose $event) const {
C/C++:                                                ^
C/C++: /Users/jhoncuervo/Documents/GitHub/AppRecicler/node_modules/react-native-screens/android/build/generated/source/codegen/jni/react/renderer/components/rnscreens/EventEmitters.cpp:300:10: warning: '$' in identifier [-Wdollar-in-identifier-extension]
C/C++:     auto $payload = jsi::Object(runtime);
C/C++:          ^
C/C++: /Users/jhoncuervo/Documents/GitHub/AppRecicler/node_modules/react-native-screens/android/build/generated/source/codegen/jni/react/renderer/components/rnscreens/EventEmitters.cpp:302:12: warning: '$' in identifier [-Wdollar-in-identifier-extension]
C/C++:     return $payload;
C/C++:            ^
C/C++: /Users/jhoncuervo/Documents/GitHub/AppRecicler/node_modules/react-native-screens/android/build/generated/source/codegen/jni/react/renderer/components/rnscreens/EventEmitters.cpp:307:46: warning: '$' in identifier [-Wdollar-in-identifier-extension]
C/C++: void RNSSearchBarEventEmitter::onOpen(OnOpen $event) const {
C/C++:                                              ^
C/C++: /Users/jhoncuervo/Documents/GitHub/AppRecicler/node_modules/react-native-screens/android/build/generated/source/codegen/jni/react/renderer/components/rnscreens/EventEmitters.cpp:309:10: warning: '$' in identifier [-Wdollar-in-identifier-extension]
C/C++:     auto $payload = jsi::Object(runtime);
C/C++:          ^
C/C++: /Users/jhoncuervo/Documents/GitHub/AppRecicler/node_modules/react-native-screens/android/build/generated/source/codegen/jni/react/renderer/components/rnscreens/EventEmitters.cpp:311:12: warning: '$' in identifier [-Wdollar-in-identifier-extension]
C/C++:     return $payload;
C/C++:            ^
C/C++: 156 warnings generated.

> Task :app:configureCMakeDebug[armeabi-v7a]

> Task :app:buildCMakeDebug[armeabi-v7a]
C/C++: ninja: Entering directory `/Users/jhoncuervo/Documents/GitHub/AppRecicler/android/app/.cxx/Debug/e3w3pw4m/armeabi-v7a'
C/C++: /Users/jhoncuervo/Documents/GitHub/AppRecicler/node_modules/react-native-safe-area-context/android/build/generated/source/codegen/jni/react/renderer/components/safeareacontext/EventEmitters.cpp:16:69: warning: '$' in identifier [-Wdollar-in-identifier-extension]
C/C++: void RNCSafeAreaProviderEventEmitter::onInsetsChange(OnInsetsChange $event) const {
C/C++:                                                                     ^
C/C++: /Users/jhoncuervo/Documents/GitHub/AppRecicler/node_modules/react-native-safe-area-context/android/build/generated/source/codegen/jni/react/renderer/components/safeareacontext/EventEmitters.cpp:17:34: warning: '$' in identifier [-Wdollar-in-identifier-extension]
C/C++:   dispatchEvent("insetsChange", [$event=std::move($event)](jsi::Runtime &runtime) {
C/C++:                                  ^
C/C++: /Users/jhoncuervo/Documents/GitHub/AppRecicler/node_modules/react-native-safe-area-context/android/build/generated/source/codegen/jni/react/renderer/components/safeareacontext/EventEmitters.cpp:17:51: warning: '$' in identifier [-Wdollar-in-identifier-extension]
C/C++:   dispatchEvent("insetsChange", [$event=std::move($event)](jsi::Runtime &runtime) {
C/C++:                                                   ^
C/C++: /Users/jhoncuervo/Documents/GitHub/AppRecicler/node_modules/react-native-safe-area-context/android/build/generated/source/codegen/jni/react/renderer/components/safeareacontext/EventEmitters.cpp:18:10: warning: '$' in identifier [-Wdollar-in-identifier-extension]
C/C++:     auto $payload = jsi::Object(runtime);
C/C++:          ^
C/C++: /Users/jhoncuervo/Documents/GitHub/AppRecicler/node_modules/react-native-safe-area-context/android/build/generated/source/codegen/jni/react/renderer/components/safeareacontext/EventEmitters.cpp:21:38: warning: '$' in identifier [-Wdollar-in-identifier-extension]
C/C++:   insets.setProperty(runtime, "top", $event.insets.top);
C/C++:                                      ^
C/C++: /Users/jhoncuervo/Documents/GitHub/AppRecicler/node_modules/react-native-safe-area-context/android/build/generated/source/codegen/jni/react/renderer/components/safeareacontext/EventEmitters.cpp:22:40: warning: '$' in identifier [-Wdollar-in-identifier-extension]
C/C++:   insets.setProperty(runtime, "right", $event.insets.right);
C/C++:                                        ^
C/C++: /Users/jhoncuervo/Documents/GitHub/AppRecicler/node_modules/react-native-safe-area-context/android/build/generated/source/codegen/jni/react/renderer/components/safeareacontext/EventEmitters.cpp:23:41: warning: '$' in identifier [-Wdollar-in-identifier-extension]
C/C++:   insets.setProperty(runtime, "bottom", $event.insets.bottom);
C/C++:                                         ^
C/C++: /Users/jhoncuervo/Documents/GitHub/AppRecicler/node_modules/react-native-safe-area-context/android/build/generated/source/codegen/jni/react/renderer/components/safeareacontext/EventEmitters.cpp:24:39: warning: '$' in identifier [-Wdollar-in-identifier-extension]
C/C++:   insets.setProperty(runtime, "left", $event.insets.left);
C/C++:                                       ^
C/C++: /Users/jhoncuervo/Documents/GitHub/AppRecicler/node_modules/react-native-safe-area-context/android/build/generated/source/codegen/jni/react/renderer/components/safeareacontext/EventEmitters.cpp:25:3: warning: '$' in identifier [-Wdollar-in-identifier-extension]
C/C++:   $payload.setProperty(runtime, "insets", insets);
C/C++:   ^
C/C++: /Users/jhoncuervo/Documents/GitHub/AppRecicler/node_modules/react-native-safe-area-context/android/build/generated/source/codegen/jni/react/renderer/components/safeareacontext/EventEmitters.cpp:29:35: warning: '$' in identifier [-Wdollar-in-identifier-extension]
C/C++:   frame.setProperty(runtime, "x", $event.frame.x);
C/C++:                                   ^
C/C++: /Users/jhoncuervo/Documents/GitHub/AppRecicler/node_modules/react-native-safe-area-context/android/build/generated/source/codegen/jni/react/renderer/components/safeareacontext/EventEmitters.cpp:30:35: warning: '$' in identifier [-Wdollar-in-identifier-extension]
C/C++:   frame.setProperty(runtime, "y", $event.frame.y);
C/C++:                                   ^
C/C++: /Users/jhoncuervo/Documents/GitHub/AppRecicler/node_modules/react-native-safe-area-context/android/build/generated/source/codegen/jni/react/renderer/components/safeareacontext/EventEmitters.cpp:31:39: warning: '$' in identifier [-Wdollar-in-identifier-extension]
C/C++:   frame.setProperty(runtime, "width", $event.frame.width);
C/C++:                                       ^
C/C++: /Users/jhoncuervo/Documents/GitHub/AppRecicler/node_modules/react-native-safe-area-context/android/build/generated/source/codegen/jni/react/renderer/components/safeareacontext/EventEmitters.cpp:32:40: warning: '$' in identifier [-Wdollar-in-identifier-extension]
C/C++:   frame.setProperty(runtime, "height", $event.frame.height);
C/C++:                                        ^
C/C++: /Users/jhoncuervo/Documents/GitHub/AppRecicler/node_modules/react-native-safe-area-context/android/build/generated/source/codegen/jni/react/renderer/components/safeareacontext/EventEmitters.cpp:33:3: warning: '$' in identifier [-Wdollar-in-identifier-extension]
C/C++:   $payload.setProperty(runtime, "frame", frame);
C/C++:   ^
C/C++: /Users/jhoncuervo/Documents/GitHub/AppRecicler/node_modules/react-native-safe-area-context/android/build/generated/source/codegen/jni/react/renderer/components/safeareacontext/EventEmitters.cpp:35:12: warning: '$' in identifier [-Wdollar-in-identifier-extension]
C/C++:     return $payload;
C/C++:            ^
C/C++: 15 warnings generated.
C/C++: /Users/jhoncuervo/Documents/GitHub/AppRecicler/node_modules/react-native-screens/android/build/generated/source/codegen/jni/react/renderer/components/rnscreens/EventEmitters.cpp:17:52: warning: '$' in identifier [-Wdollar-in-identifier-extension]
C/C++: void RNSModalScreenEventEmitter::onAppear(OnAppear $event) const {
C/C++:                                                    ^
C/C++: /Users/jhoncuervo/Documents/GitHub/AppRecicler/node_modules/react-native-screens/android/build/generated/source/codegen/jni/react/renderer/components/rnscreens/EventEmitters.cpp:19:10: warning: '$' in identifier [-Wdollar-in-identifier-extension]
C/C++:     auto $payload = jsi::Object(runtime);
C/C++:          ^
C/C++: /Users/jhoncuervo/Documents/GitHub/AppRecicler/node_modules/react-native-screens/android/build/generated/source/codegen/jni/react/renderer/components/rnscreens/EventEmitters.cpp:21:12: warning: '$' in identifier [-Wdollar-in-identifier-extension]
C/C++:     return $payload;
C/C++:            ^
C/C++: /Users/jhoncuervo/Documents/GitHub/AppRecicler/node_modules/react-native-screens/android/build/generated/source/codegen/jni/react/renderer/components/rnscreens/EventEmitters.cpp:26:58: warning: '$' in identifier [-Wdollar-in-identifier-extension]
C/C++: void RNSModalScreenEventEmitter::onDisappear(OnDisappear $event) const {
C/C++:                                                          ^
C/C++: /Users/jhoncuervo/Documents/GitHub/AppRecicler/node_modules/react-native-screens/android/build/generated/source/codegen/jni/react/renderer/components/rnscreens/EventEmitters.cpp:28:10: warning: '$' in identifier [-Wdollar-in-identifier-extension]
C/C++:     auto $payload = jsi::Object(runtime);
C/C++:          ^
C/C++: /Users/jhoncuervo/Documents/GitHub/AppRecicler/node_modules/react-native-screens/android/build/generated/source/codegen/jni/react/renderer/components/rnscreens/EventEmitters.cpp:30:12: warning: '$' in identifier [-Wdollar-in-identifier-extension]
C/C++:     return $payload;
C/C++:            ^
C/C++: /Users/jhoncuervo/Documents/GitHub/AppRecicler/node_modules/react-native-screens/android/build/generated/source/codegen/jni/react/renderer/components/rnscreens/EventEmitters.cpp:35:58: warning: '$' in identifier [-Wdollar-in-identifier-extension]
C/C++: void RNSModalScreenEventEmitter::onDismissed(OnDismissed $event) const {
C/C++:                                                          ^
C/C++: /Users/jhoncuervo/Documents/GitHub/AppRecicler/node_modules/react-native-screens/android/build/generated/source/codegen/jni/react/renderer/components/rnscreens/EventEmitters.cpp:36:31: warning: '$' in identifier [-Wdollar-in-identifier-extension]
C/C++:   dispatchEvent("dismissed", [$event=std::move($event)](jsi::Runtime &runtime) {
C/C++:                               ^
C/C++: /Users/jhoncuervo/Documents/GitHub/AppRecicler/node_modules/react-native-screens/android/build/generated/source/codegen/jni/react/renderer/components/rnscreens/EventEmitters.cpp:36:48: warning: '$' in identifier [-Wdollar-in-identifier-extension]
C/C++:   dispatchEvent("dismissed", [$event=std::move($event)](jsi::Runtime &runtime) {
C/C++:                                                ^
C/C++: /Users/jhoncuervo/Documents/GitHub/AppRecicler/node_modules/react-native-screens/android/build/generated/source/codegen/jni/react/renderer/components/rnscreens/EventEmitters.cpp:37:10: warning: '$' in identifier [-Wdollar-in-identifier-extension]
C/C++:     auto $payload = jsi::Object(runtime);
C/C++:          ^
C/C++: /Users/jhoncuervo/Documents/GitHub/AppRecicler/node_modules/react-native-screens/android/build/generated/source/codegen/jni/react/renderer/components/rnscreens/EventEmitters.cpp:38:5: warning: '$' in identifier [-Wdollar-in-identifier-extension]
C/C++:     $payload.setProperty(runtime, "dismissCount", $event.dismissCount);
C/C++:     ^
C/C++: /Users/jhoncuervo/Documents/GitHub/AppRecicler/node_modules/react-native-screens/android/build/generated/source/codegen/jni/react/renderer/components/rnscreens/EventEmitters.cpp:38:51: warning: '$' in identifier [-Wdollar-in-identifier-extension]
C/C++:     $payload.setProperty(runtime, "dismissCount", $event.dismissCount);
C/C++:                                                   ^
C/C++: /Users/jhoncuervo/Documents/GitHub/AppRecicler/node_modules/react-native-screens/android/build/generated/source/codegen/jni/react/renderer/components/rnscreens/EventEmitters.cpp:39:12: warning: '$' in identifier [-Wdollar-in-identifier-extension]
C/C++:     return $payload;
C/C++:            ^
C/C++: /Users/jhoncuervo/Documents/GitHub/AppRecicler/node_modules/react-native-screens/android/build/generated/source/codegen/jni/react/renderer/components/rnscreens/EventEmitters.cpp:44:84: warning: '$' in identifier [-Wdollar-in-identifier-extension]
C/C++: void RNSModalScreenEventEmitter::onNativeDismissCancelled(OnNativeDismissCancelled $event) const {
C/C++:                                                                                    ^
C/C++: /Users/jhoncuervo/Documents/GitHub/AppRecicler/node_modules/react-native-screens/android/build/generated/source/codegen/jni/react/renderer/components/rnscreens/EventEmitters.cpp:45:44: warning: '$' in identifier [-Wdollar-in-identifier-extension]
C/C++:   dispatchEvent("nativeDismissCancelled", [$event=std::move($event)](jsi::Runtime &runtime) {
C/C++:                                            ^
C/C++: /Users/jhoncuervo/Documents/GitHub/AppRecicler/node_modules/react-native-screens/android/build/generated/source/codegen/jni/react/renderer/components/rnscreens/EventEmitters.cpp:45:61: warning: '$' in identifier [-Wdollar-in-identifier-extension]
C/C++:   dispatchEvent("nativeDismissCancelled", [$event=std::move($event)](jsi::Runtime &runtime) {
C/C++:                                                             ^
C/C++: /Users/jhoncuervo/Documents/GitHub/AppRecicler/node_modules/react-native-screens/android/build/generated/source/codegen/jni/react/renderer/components/rnscreens/EventEmitters.cpp:46:10: warning: '$' in identifier [-Wdollar-in-identifier-extension]
C/C++:     auto $payload = jsi::Object(runtime);
C/C++:          ^
C/C++: /Users/jhoncuervo/Documents/GitHub/AppRecicler/node_modules/react-native-screens/android/build/generated/source/codegen/jni/react/renderer/components/rnscreens/EventEmitters.cpp:47:5: warning: '$' in identifier [-Wdollar-in-identifier-extension]
C/C++:     $payload.setProperty(runtime, "dismissCount", $event.dismissCount);
C/C++:     ^
C/C++: /Users/jhoncuervo/Documents/GitHub/AppRecicler/node_modules/react-native-screens/android/build/generated/source/codegen/jni/react/renderer/components/rnscreens/EventEmitters.cpp:47:51: warning: '$' in identifier [-Wdollar-in-identifier-extension]
C/C++:     $payload.setProperty(runtime, "dismissCount", $event.dismissCount);
C/C++:                                                   ^
C/C++: /Users/jhoncuervo/Documents/GitHub/AppRecicler/node_modules/react-native-screens/android/build/generated/source/codegen/jni/react/renderer/components/rnscreens/EventEmitters.cpp:48:12: warning: '$' in identifier [-Wdollar-in-identifier-extension]
C/C++:     return $payload;
C/C++:            ^
C/C++: /Users/jhoncuervo/Documents/GitHub/AppRecicler/node_modules/react-native-screens/android/build/generated/source/codegen/jni/react/renderer/components/rnscreens/EventEmitters.cpp:53:60: warning: '$' in identifier [-Wdollar-in-identifier-extension]
C/C++: void RNSModalScreenEventEmitter::onWillAppear(OnWillAppear $event) const {
C/C++:                                                            ^
C/C++: /Users/jhoncuervo/Documents/GitHub/AppRecicler/node_modules/react-native-screens/android/build/generated/source/codegen/jni/react/renderer/components/rnscreens/EventEmitters.cpp:55:10: warning: '$' in identifier [-Wdollar-in-identifier-extension]
C/C++:     auto $payload = jsi::Object(runtime);
C/C++:          ^
C/C++: /Users/jhoncuervo/Documents/GitHub/AppRecicler/node_modules/react-native-screens/android/build/generated/source/codegen/jni/react/renderer/components/rnscreens/EventEmitters.cpp:57:12: warning: '$' in identifier [-Wdollar-in-identifier-extension]
C/C++:     return $payload;
C/C++:            ^
C/C++: /Users/jhoncuervo/Documents/GitHub/AppRecicler/node_modules/react-native-screens/android/build/generated/source/codegen/jni/react/renderer/components/rnscreens/EventEmitters.cpp:62:66: warning: '$' in identifier [-Wdollar-in-identifier-extension]
C/C++: void RNSModalScreenEventEmitter::onWillDisappear(OnWillDisappear $event) const {
C/C++:                                                                  ^
C/C++: /Users/jhoncuervo/Documents/GitHub/AppRecicler/node_modules/react-native-screens/android/build/generated/source/codegen/jni/react/renderer/components/rnscreens/EventEmitters.cpp:64:10: warning: '$' in identifier [-Wdollar-in-identifier-extension]
C/C++:     auto $payload = jsi::Object(runtime);
C/C++:          ^
C/C++: /Users/jhoncuervo/Documents/GitHub/AppRecicler/node_modules/react-native-screens/android/build/generated/source/codegen/jni/react/renderer/components/rnscreens/EventEmitters.cpp:66:12: warning: '$' in identifier [-Wdollar-in-identifier-extension]
C/C++:     return $payload;
C/C++:            ^
C/C++: /Users/jhoncuervo/Documents/GitHub/AppRecicler/node_modules/react-native-screens/android/build/generated/source/codegen/jni/react/renderer/components/rnscreens/EventEmitters.cpp:71:76: warning: '$' in identifier [-Wdollar-in-identifier-extension]
C/C++: void RNSModalScreenEventEmitter::onHeaderHeightChange(OnHeaderHeightChange $event) const {
C/C++:                                                                            ^
C/C++: /Users/jhoncuervo/Documents/GitHub/AppRecicler/node_modules/react-native-screens/android/build/generated/source/codegen/jni/react/renderer/components/rnscreens/EventEmitters.cpp:72:40: warning: '$' in identifier [-Wdollar-in-identifier-extension]
C/C++:   dispatchEvent("headerHeightChange", [$event=std::move($event)](jsi::Runtime &runtime) {
C/C++:                                        ^
C/C++: /Users/jhoncuervo/Documents/GitHub/AppRecicler/node_modules/react-native-screens/android/build/generated/source/codegen/jni/react/renderer/components/rnscreens/EventEmitters.cpp:72:57: warning: '$' in identifier [-Wdollar-in-identifier-extension]
C/C++:   dispatchEvent("headerHeightChange", [$event=std::move($event)](jsi::Runtime &runtime) {
C/C++:                                                         ^
C/C++: /Users/jhoncuervo/Documents/GitHub/AppRecicler/node_modules/react-native-screens/android/build/generated/source/codegen/jni/react/renderer/components/rnscreens/EventEmitters.cpp:73:10: warning: '$' in identifier [-Wdollar-in-identifier-extension]
C/C++:     auto $payload = jsi::Object(runtime);
C/C++:          ^
C/C++: /Users/jhoncuervo/Documents/GitHub/AppRecicler/node_modules/react-native-screens/android/build/generated/source/codegen/jni/react/renderer/components/rnscreens/EventEmitters.cpp:74:5: warning: '$' in identifier [-Wdollar-in-identifier-extension]
C/C++:     $payload.setProperty(runtime, "headerHeight", $event.headerHeight);
C/C++:     ^
C/C++: /Users/jhoncuervo/Documents/GitHub/AppRecicler/node_modules/react-native-screens/android/build/generated/source/codegen/jni/react/renderer/components/rnscreens/EventEmitters.cpp:74:51: warning: '$' in identifier [-Wdollar-in-identifier-extension]
C/C++:     $payload.setProperty(runtime, "headerHeight", $event.headerHeight);
C/C++:                                                   ^
C/C++: /Users/jhoncuervo/Documents/GitHub/AppRecicler/node_modules/react-native-screens/android/build/generated/source/codegen/jni/react/renderer/components/rnscreens/EventEmitters.cpp:75:12: warning: '$' in identifier [-Wdollar-in-identifier-extension]
C/C++:     return $payload;
C/C++:            ^
C/C++: /Users/jhoncuervo/Documents/GitHub/AppRecicler/node_modules/react-native-screens/android/build/generated/source/codegen/jni/react/renderer/components/rnscreens/EventEmitters.cpp:80:76: warning: '$' in identifier [-Wdollar-in-identifier-extension]
C/C++: void RNSModalScreenEventEmitter::onTransitionProgress(OnTransitionProgress $event) const {
C/C++:                                                                            ^
C/C++: /Users/jhoncuervo/Documents/GitHub/AppRecicler/node_modules/react-native-screens/android/build/generated/source/codegen/jni/react/renderer/components/rnscreens/EventEmitters.cpp:81:40: warning: '$' in identifier [-Wdollar-in-identifier-extension]
C/C++:   dispatchEvent("transitionProgress", [$event=std::move($event)](jsi::Runtime &runtime) {
C/C++:                                        ^
C/C++: /Users/jhoncuervo/Documents/GitHub/AppRecicler/node_modules/react-native-screens/android/build/generated/source/codegen/jni/react/renderer/components/rnscreens/EventEmitters.cpp:81:57: warning: '$' in identifier [-Wdollar-in-identifier-extension]
C/C++:   dispatchEvent("transitionProgress", [$event=std::move($event)](jsi::Runtime &runtime) {
C/C++:                                                         ^
C/C++: /Users/jhoncuervo/Documents/GitHub/AppRecicler/node_modules/react-native-screens/android/build/generated/source/codegen/jni/react/renderer/components/rnscreens/EventEmitters.cpp:82:10: warning: '$' in identifier [-Wdollar-in-identifier-extension]
C/C++:     auto $payload = jsi::Object(runtime);
C/C++:          ^
C/C++: /Users/jhoncuervo/Documents/GitHub/AppRecicler/node_modules/react-native-screens/android/build/generated/source/codegen/jni/react/renderer/components/rnscreens/EventEmitters.cpp:83:5: warning: '$' in identifier [-Wdollar-in-identifier-extension]
C/C++:     $payload.setProperty(runtime, "progress", $event.progress);
C/C++:     ^
C/C++: /Users/jhoncuervo/Documents/GitHub/AppRecicler/node_modules/react-native-screens/android/build/generated/source/codegen/jni/react/renderer/components/rnscreens/EventEmitters.cpp:83:47: warning: '$' in identifier [-Wdollar-in-identifier-extension]
C/C++:     $payload.setProperty(runtime, "progress", $event.progress);
C/C++:                                               ^
C/C++: /Users/jhoncuervo/Documents/GitHub/AppRecicler/node_modules/react-native-screens/android/build/generated/source/codegen/jni/react/renderer/components/rnscreens/EventEmitters.cpp:84:1: warning: '$' in identifier [-Wdollar-in-identifier-extension]
C/C++: $payload.setProperty(runtime, "closing", $event.closing);
C/C++: ^
C/C++: /Users/jhoncuervo/Documents/GitHub/AppRecicler/node_modules/react-native-screens/android/build/generated/source/codegen/jni/react/renderer/components/rnscreens/EventEmitters.cpp:84:42: warning: '$' in identifier [-Wdollar-in-identifier-extension]
C/C++: $payload.setProperty(runtime, "closing", $event.closing);
C/C++:                                          ^
C/C++: /Users/jhoncuervo/Documents/GitHub/AppRecicler/node_modules/react-native-screens/android/build/generated/source/codegen/jni/react/renderer/components/rnscreens/EventEmitters.cpp:85:1: warning: '$' in identifier [-Wdollar-in-identifier-extension]
C/C++: $payload.setProperty(runtime, "goingForward", $event.goingForward);
C/C++: ^
C/C++: /Users/jhoncuervo/Documents/GitHub/AppRecicler/node_modules/react-native-screens/android/build/generated/source/codegen/jni/react/renderer/components/rnscreens/EventEmitters.cpp:85:47: warning: '$' in identifier [-Wdollar-in-identifier-extension]
C/C++: $payload.setProperty(runtime, "goingForward", $event.goingForward);
C/C++:                                               ^
C/C++: /Users/jhoncuervo/Documents/GitHub/AppRecicler/node_modules/react-native-screens/android/build/generated/source/codegen/jni/react/renderer/components/rnscreens/EventEmitters.cpp:86:12: warning: '$' in identifier [-Wdollar-in-identifier-extension]
C/C++:     return $payload;
C/C++:            ^
C/C++: /Users/jhoncuervo/Documents/GitHub/AppRecicler/node_modules/react-native-screens/android/build/generated/source/codegen/jni/react/renderer/components/rnscreens/EventEmitters.cpp:91:66: warning: '$' in identifier [-Wdollar-in-identifier-extension]
C/C++: void RNSModalScreenEventEmitter::onGestureCancel(OnGestureCancel $event) const {
C/C++:                                                                  ^
C/C++: /Users/jhoncuervo/Documents/GitHub/AppRecicler/node_modules/react-native-screens/android/build/generated/source/codegen/jni/react/renderer/components/rnscreens/EventEmitters.cpp:93:10: warning: '$' in identifier [-Wdollar-in-identifier-extension]
C/C++:     auto $payload = jsi::Object(runtime);
C/C++:          ^
C/C++: /Users/jhoncuervo/Documents/GitHub/AppRecicler/node_modules/react-native-screens/android/build/generated/source/codegen/jni/react/renderer/components/rnscreens/EventEmitters.cpp:95:12: warning: '$' in identifier [-Wdollar-in-identifier-extension]
C/C++:     return $payload;
C/C++:            ^
C/C++: /Users/jhoncuervo/Documents/GitHub/AppRecicler/node_modules/react-native-screens/android/build/generated/source/codegen/jni/react/renderer/components/rnscreens/EventEmitters.cpp:100:86: warning: '$' in identifier [-Wdollar-in-identifier-extension]
C/C++: void RNSModalScreenEventEmitter::onHeaderBackButtonClicked(OnHeaderBackButtonClicked $event) const {
C/C++:                                                                                      ^
C/C++: /Users/jhoncuervo/Documents/GitHub/AppRecicler/node_modules/react-native-screens/android/build/generated/source/codegen/jni/react/renderer/components/rnscreens/EventEmitters.cpp:102:10: warning: '$' in identifier [-Wdollar-in-identifier-extension]
C/C++:     auto $payload = jsi::Object(runtime);
C/C++:          ^
C/C++: /Users/jhoncuervo/Documents/GitHub/AppRecicler/node_modules/react-native-screens/android/build/generated/source/codegen/jni/react/renderer/components/rnscreens/EventEmitters.cpp:104:12: warning: '$' in identifier [-Wdollar-in-identifier-extension]
C/C++:     return $payload;
C/C++:            ^
C/C++: /Users/jhoncuervo/Documents/GitHub/AppRecicler/node_modules/react-native-screens/android/build/generated/source/codegen/jni/react/renderer/components/rnscreens/EventEmitters.cpp:109:76: warning: '$' in identifier [-Wdollar-in-identifier-extension]
C/C++: void RNSModalScreenEventEmitter::onSheetDetentChanged(OnSheetDetentChanged $event) const {
C/C++:                                                                            ^
C/C++: /Users/jhoncuervo/Documents/GitHub/AppRecicler/node_modules/react-native-screens/android/build/generated/source/codegen/jni/react/renderer/components/rnscreens/EventEmitters.cpp:110:40: warning: '$' in identifier [-Wdollar-in-identifier-extension]
C/C++:   dispatchEvent("sheetDetentChanged", [$event=std::move($event)](jsi::Runtime &runtime) {
C/C++:                                        ^
C/C++: /Users/jhoncuervo/Documents/GitHub/AppRecicler/node_modules/react-native-screens/android/build/generated/source/codegen/jni/react/renderer/components/rnscreens/EventEmitters.cpp:110:57: warning: '$' in identifier [-Wdollar-in-identifier-extension]
C/C++:   dispatchEvent("sheetDetentChanged", [$event=std::move($event)](jsi::Runtime &runtime) {
C/C++:                                                         ^
C/C++: /Users/jhoncuervo/Documents/GitHub/AppRecicler/node_modules/react-native-screens/android/build/generated/source/codegen/jni/react/renderer/components/rnscreens/EventEmitters.cpp:111:10: warning: '$' in identifier [-Wdollar-in-identifier-extension]
C/C++:     auto $payload = jsi::Object(runtime);
C/C++:          ^
C/C++: /Users/jhoncuervo/Documents/GitHub/AppRecicler/node_modules/react-native-screens/android/build/generated/source/codegen/jni/react/renderer/components/rnscreens/EventEmitters.cpp:112:5: warning: '$' in identifier [-Wdollar-in-identifier-extension]
C/C++:     $payload.setProperty(runtime, "index", $event.index);
C/C++:     ^
C/C++: /Users/jhoncuervo/Documents/GitHub/AppRecicler/node_modules/react-native-screens/android/build/generated/source/codegen/jni/react/renderer/components/rnscreens/EventEmitters.cpp:112:44: warning: '$' in identifier [-Wdollar-in-identifier-extension]
C/C++:     $payload.setProperty(runtime, "index", $event.index);
C/C++:                                            ^
C/C++: /Users/jhoncuervo/Documents/GitHub/AppRecicler/node_modules/react-native-screens/android/build/generated/source/codegen/jni/react/renderer/components/rnscreens/EventEmitters.cpp:113:1: warning: '$' in identifier [-Wdollar-in-identifier-extension]
C/C++: $payload.setProperty(runtime, "isStable", $event.isStable);
C/C++: ^
C/C++: /Users/jhoncuervo/Documents/GitHub/AppRecicler/node_modules/react-native-screens/android/build/generated/source/codegen/jni/react/renderer/components/rnscreens/EventEmitters.cpp:113:43: warning: '$' in identifier [-Wdollar-in-identifier-extension]
C/C++: $payload.setProperty(runtime, "isStable", $event.isStable);
C/C++:                                           ^
C/C++: /Users/jhoncuervo/Documents/GitHub/AppRecicler/node_modules/react-native-screens/android/build/generated/source/codegen/jni/react/renderer/components/rnscreens/EventEmitters.cpp:114:12: warning: '$' in identifier [-Wdollar-in-identifier-extension]
C/C++:     return $payload;
C/C++:            ^
C/C++: /Users/jhoncuervo/Documents/GitHub/AppRecicler/node_modules/react-native-screens/android/build/generated/source/codegen/jni/react/renderer/components/rnscreens/EventEmitters.cpp:122:47: warning: '$' in identifier [-Wdollar-in-identifier-extension]
C/C++: void RNSScreenEventEmitter::onAppear(OnAppear $event) const {
C/C++:                                               ^
C/C++: /Users/jhoncuervo/Documents/GitHub/AppRecicler/node_modules/react-native-screens/android/build/generated/source/codegen/jni/react/renderer/components/rnscreens/EventEmitters.cpp:124:10: warning: '$' in identifier [-Wdollar-in-identifier-extension]
C/C++:     auto $payload = jsi::Object(runtime);
C/C++:          ^
C/C++: /Users/jhoncuervo/Documents/GitHub/AppRecicler/node_modules/react-native-screens/android/build/generated/source/codegen/jni/react/renderer/components/rnscreens/EventEmitters.cpp:126:12: warning: '$' in identifier [-Wdollar-in-identifier-extension]
C/C++:     return $payload;
C/C++:            ^
C/C++: /Users/jhoncuervo/Documents/GitHub/AppRecicler/node_modules/react-native-screens/android/build/generated/source/codegen/jni/react/renderer/components/rnscreens/EventEmitters.cpp:131:53: warning: '$' in identifier [-Wdollar-in-identifier-extension]
C/C++: void RNSScreenEventEmitter::onDisappear(OnDisappear $event) const {
C/C++:                                                     ^
C/C++: /Users/jhoncuervo/Documents/GitHub/AppRecicler/node_modules/react-native-screens/android/build/generated/source/codegen/jni/react/renderer/components/rnscreens/EventEmitters.cpp:133:10: warning: '$' in identifier [-Wdollar-in-identifier-extension]
C/C++:     auto $payload = jsi::Object(runtime);
C/C++:          ^
C/C++: /Users/jhoncuervo/Documents/GitHub/AppRecicler/node_modules/react-native-screens/android/build/generated/source/codegen/jni/react/renderer/components/rnscreens/EventEmitters.cpp:135:12: warning: '$' in identifier [-Wdollar-in-identifier-extension]
C/C++:     return $payload;
C/C++:            ^
C/C++: /Users/jhoncuervo/Documents/GitHub/AppRecicler/node_modules/react-native-screens/android/build/generated/source/codegen/jni/react/renderer/components/rnscreens/EventEmitters.cpp:140:53: warning: '$' in identifier [-Wdollar-in-identifier-extension]
C/C++: void RNSScreenEventEmitter::onDismissed(OnDismissed $event) const {
C/C++:                                                     ^
C/C++: /Users/jhoncuervo/Documents/GitHub/AppRecicler/node_modules/react-native-screens/android/build/generated/source/codegen/jni/react/renderer/components/rnscreens/EventEmitters.cpp:141:31: warning: '$' in identifier [-Wdollar-in-identifier-extension]
C/C++:   dispatchEvent("dismissed", [$event=std::move($event)](jsi::Runtime &runtime) {
C/C++:                               ^
C/C++: /Users/jhoncuervo/Documents/GitHub/AppRecicler/node_modules/react-native-screens/android/build/generated/source/codegen/jni/react/renderer/components/rnscreens/EventEmitters.cpp:141:48: warning: '$' in identifier [-Wdollar-in-identifier-extension]
C/C++:   dispatchEvent("dismissed", [$event=std::move($event)](jsi::Runtime &runtime) {
C/C++:                                                ^
C/C++: /Users/jhoncuervo/Documents/GitHub/AppRecicler/node_modules/react-native-screens/android/build/generated/source/codegen/jni/react/renderer/components/rnscreens/EventEmitters.cpp:142:10: warning: '$' in identifier [-Wdollar-in-identifier-extension]
C/C++:     auto $payload = jsi::Object(runtime);
C/C++:          ^
C/C++: /Users/jhoncuervo/Documents/GitHub/AppRecicler/node_modules/react-native-screens/android/build/generated/source/codegen/jni/react/renderer/components/rnscreens/EventEmitters.cpp:143:5: warning: '$' in identifier [-Wdollar-in-identifier-extension]
C/C++:     $payload.setProperty(runtime, "dismissCount", $event.dismissCount);
C/C++:     ^
C/C++: /Users/jhoncuervo/Documents/GitHub/AppRecicler/node_modules/react-native-screens/android/build/generated/source/codegen/jni/react/renderer/components/rnscreens/EventEmitters.cpp:143:51: warning: '$' in identifier [-Wdollar-in-identifier-extension]
C/C++:     $payload.setProperty(runtime, "dismissCount", $event.dismissCount);
C/C++:                                                   ^
C/C++: /Users/jhoncuervo/Documents/GitHub/AppRecicler/node_modules/react-native-screens/android/build/generated/source/codegen/jni/react/renderer/components/rnscreens/EventEmitters.cpp:144:12: warning: '$' in identifier [-Wdollar-in-identifier-extension]
C/C++:     return $payload;
C/C++:            ^
C/C++: /Users/jhoncuervo/Documents/GitHub/AppRecicler/node_modules/react-native-screens/android/build/generated/source/codegen/jni/react/renderer/components/rnscreens/EventEmitters.cpp:149:79: warning: '$' in identifier [-Wdollar-in-identifier-extension]
C/C++: void RNSScreenEventEmitter::onNativeDismissCancelled(OnNativeDismissCancelled $event) const {
C/C++:                                                                               ^
C/C++: /Users/jhoncuervo/Documents/GitHub/AppRecicler/node_modules/react-native-screens/android/build/generated/source/codegen/jni/react/renderer/components/rnscreens/EventEmitters.cpp:150:44: warning: '$' in identifier [-Wdollar-in-identifier-extension]
C/C++:   dispatchEvent("nativeDismissCancelled", [$event=std::move($event)](jsi::Runtime &runtime) {
C/C++:                                            ^
C/C++: /Users/jhoncuervo/Documents/GitHub/AppRecicler/node_modules/react-native-screens/android/build/generated/source/codegen/jni/react/renderer/components/rnscreens/EventEmitters.cpp:150:61: warning: '$' in identifier [-Wdollar-in-identifier-extension]
C/C++:   dispatchEvent("nativeDismissCancelled", [$event=std::move($event)](jsi::Runtime &runtime) {
C/C++:                                                             ^
C/C++: /Users/jhoncuervo/Documents/GitHub/AppRecicler/node_modules/react-native-screens/android/build/generated/source/codegen/jni/react/renderer/components/rnscreens/EventEmitters.cpp:151:10: warning: '$' in identifier [-Wdollar-in-identifier-extension]
C/C++:     auto $payload = jsi::Object(runtime);
C/C++:          ^
C/C++: /Users/jhoncuervo/Documents/GitHub/AppRecicler/node_modules/react-native-screens/android/build/generated/source/codegen/jni/react/renderer/components/rnscreens/EventEmitters.cpp:152:5: warning: '$' in identifier [-Wdollar-in-identifier-extension]
C/C++:     $payload.setProperty(runtime, "dismissCount", $event.dismissCount);
C/C++:     ^
C/C++: /Users/jhoncuervo/Documents/GitHub/AppRecicler/node_modules/react-native-screens/android/build/generated/source/codegen/jni/react/renderer/components/rnscreens/EventEmitters.cpp:152:51: warning: '$' in identifier [-Wdollar-in-identifier-extension]
C/C++:     $payload.setProperty(runtime, "dismissCount", $event.dismissCount);
C/C++:                                                   ^
C/C++: /Users/jhoncuervo/Documents/GitHub/AppRecicler/node_modules/react-native-screens/android/build/generated/source/codegen/jni/react/renderer/components/rnscreens/EventEmitters.cpp:153:12: warning: '$' in identifier [-Wdollar-in-identifier-extension]
C/C++:     return $payload;
C/C++:            ^
C/C++: /Users/jhoncuervo/Documents/GitHub/AppRecicler/node_modules/react-native-screens/android/build/generated/source/codegen/jni/react/renderer/components/rnscreens/EventEmitters.cpp:158:55: warning: '$' in identifier [-Wdollar-in-identifier-extension]
C/C++: void RNSScreenEventEmitter::onWillAppear(OnWillAppear $event) const {
C/C++:                                                       ^
C/C++: /Users/jhoncuervo/Documents/GitHub/AppRecicler/node_modules/react-native-screens/android/build/generated/source/codegen/jni/react/renderer/components/rnscreens/EventEmitters.cpp:160:10: warning: '$' in identifier [-Wdollar-in-identifier-extension]
C/C++:     auto $payload = jsi::Object(runtime);
C/C++:          ^
C/C++: /Users/jhoncuervo/Documents/GitHub/AppRecicler/node_modules/react-native-screens/android/build/generated/source/codegen/jni/react/renderer/components/rnscreens/EventEmitters.cpp:162:12: warning: '$' in identifier [-Wdollar-in-identifier-extension]
C/C++:     return $payload;
C/C++:            ^
C/C++: /Users/jhoncuervo/Documents/GitHub/AppRecicler/node_modules/react-native-screens/android/build/generated/source/codegen/jni/react/renderer/components/rnscreens/EventEmitters.cpp:167:61: warning: '$' in identifier [-Wdollar-in-identifier-extension]
C/C++: void RNSScreenEventEmitter::onWillDisappear(OnWillDisappear $event) const {
C/C++:                                                             ^
C/C++: /Users/jhoncuervo/Documents/GitHub/AppRecicler/node_modules/react-native-screens/android/build/generated/source/codegen/jni/react/renderer/components/rnscreens/EventEmitters.cpp:169:10: warning: '$' in identifier [-Wdollar-in-identifier-extension]
C/C++:     auto $payload = jsi::Object(runtime);
C/C++:          ^
C/C++: /Users/jhoncuervo/Documents/GitHub/AppRecicler/node_modules/react-native-screens/android/build/generated/source/codegen/jni/react/renderer/components/rnscreens/EventEmitters.cpp:171:12: warning: '$' in identifier [-Wdollar-in-identifier-extension]
C/C++:     return $payload;
C/C++:            ^
C/C++: /Users/jhoncuervo/Documents/GitHub/AppRecicler/node_modules/react-native-screens/android/build/generated/source/codegen/jni/react/renderer/components/rnscreens/EventEmitters.cpp:176:71: warning: '$' in identifier [-Wdollar-in-identifier-extension]
C/C++: void RNSScreenEventEmitter::onHeaderHeightChange(OnHeaderHeightChange $event) const {
C/C++:                                                                       ^
C/C++: /Users/jhoncuervo/Documents/GitHub/AppRecicler/node_modules/react-native-screens/android/build/generated/source/codegen/jni/react/renderer/components/rnscreens/EventEmitters.cpp:177:40: warning: '$' in identifier [-Wdollar-in-identifier-extension]
C/C++:   dispatchEvent("headerHeightChange", [$event=std::move($event)](jsi::Runtime &runtime) {
C/C++:                                        ^
C/C++: /Users/jhoncuervo/Documents/GitHub/AppRecicler/node_modules/react-native-screens/android/build/generated/source/codegen/jni/react/renderer/components/rnscreens/EventEmitters.cpp:177:57: warning: '$' in identifier [-Wdollar-in-identifier-extension]
C/C++:   dispatchEvent("headerHeightChange", [$event=std::move($event)](jsi::Runtime &runtime) {
C/C++:                                                         ^
C/C++: /Users/jhoncuervo/Documents/GitHub/AppRecicler/node_modules/react-native-screens/android/build/generated/source/codegen/jni/react/renderer/components/rnscreens/EventEmitters.cpp:178:10: warning: '$' in identifier [-Wdollar-in-identifier-extension]
C/C++:     auto $payload = jsi::Object(runtime);
C/C++:          ^
C/C++: /Users/jhoncuervo/Documents/GitHub/AppRecicler/node_modules/react-native-screens/android/build/generated/source/codegen/jni/react/renderer/components/rnscreens/EventEmitters.cpp:179:5: warning: '$' in identifier [-Wdollar-in-identifier-extension]
C/C++:     $payload.setProperty(runtime, "headerHeight", $event.headerHeight);
C/C++:     ^
C/C++: /Users/jhoncuervo/Documents/GitHub/AppRecicler/node_modules/react-native-screens/android/build/generated/source/codegen/jni/react/renderer/components/rnscreens/EventEmitters.cpp:179:51: warning: '$' in identifier [-Wdollar-in-identifier-extension]
C/C++:     $payload.setProperty(runtime, "headerHeight", $event.headerHeight);
C/C++:                                                   ^
C/C++: /Users/jhoncuervo/Documents/GitHub/AppRecicler/node_modules/react-native-screens/android/build/generated/source/codegen/jni/react/renderer/components/rnscreens/EventEmitters.cpp:180:12: warning: '$' in identifier [-Wdollar-in-identifier-extension]
C/C++:     return $payload;
C/C++:            ^
C/C++: /Users/jhoncuervo/Documents/GitHub/AppRecicler/node_modules/react-native-screens/android/build/generated/source/codegen/jni/react/renderer/components/rnscreens/EventEmitters.cpp:185:71: warning: '$' in identifier [-Wdollar-in-identifier-extension]
C/C++: void RNSScreenEventEmitter::onTransitionProgress(OnTransitionProgress $event) const {
C/C++:                                                                       ^
C/C++: /Users/jhoncuervo/Documents/GitHub/AppRecicler/node_modules/react-native-screens/android/build/generated/source/codegen/jni/react/renderer/components/rnscreens/EventEmitters.cpp:186:40: warning: '$' in identifier [-Wdollar-in-identifier-extension]
C/C++:   dispatchEvent("transitionProgress", [$event=std::move($event)](jsi::Runtime &runtime) {
C/C++:                                        ^
C/C++: /Users/jhoncuervo/Documents/GitHub/AppRecicler/node_modules/react-native-screens/android/build/generated/source/codegen/jni/react/renderer/components/rnscreens/EventEmitters.cpp:186:57: warning: '$' in identifier [-Wdollar-in-identifier-extension]
C/C++:   dispatchEvent("transitionProgress", [$event=std::move($event)](jsi::Runtime &runtime) {
C/C++:                                                         ^
C/C++: /Users/jhoncuervo/Documents/GitHub/AppRecicler/node_modules/react-native-screens/android/build/generated/source/codegen/jni/react/renderer/components/rnscreens/EventEmitters.cpp:187:10: warning: '$' in identifier [-Wdollar-in-identifier-extension]
C/C++:     auto $payload = jsi::Object(runtime);
C/C++:          ^
C/C++: /Users/jhoncuervo/Documents/GitHub/AppRecicler/node_modules/react-native-screens/android/build/generated/source/codegen/jni/react/renderer/components/rnscreens/EventEmitters.cpp:188:5: warning: '$' in identifier [-Wdollar-in-identifier-extension]
C/C++:     $payload.setProperty(runtime, "progress", $event.progress);
C/C++:     ^
C/C++: /Users/jhoncuervo/Documents/GitHub/AppRecicler/node_modules/react-native-screens/android/build/generated/source/codegen/jni/react/renderer/components/rnscreens/EventEmitters.cpp:188:47: warning: '$' in identifier [-Wdollar-in-identifier-extension]
C/C++:     $payload.setProperty(runtime, "progress", $event.progress);
C/C++:                                               ^
C/C++: /Users/jhoncuervo/Documents/GitHub/AppRecicler/node_modules/react-native-screens/android/build/generated/source/codegen/jni/react/renderer/components/rnscreens/EventEmitters.cpp:189:1: warning: '$' in identifier [-Wdollar-in-identifier-extension]
C/C++: $payload.setProperty(runtime, "closing", $event.closing);
C/C++: ^
C/C++: /Users/jhoncuervo/Documents/GitHub/AppRecicler/node_modules/react-native-screens/android/build/generated/source/codegen/jni/react/renderer/components/rnscreens/EventEmitters.cpp:189:42: warning: '$' in identifier [-Wdollar-in-identifier-extension]
C/C++: $payload.setProperty(runtime, "closing", $event.closing);
C/C++:                                          ^
C/C++: /Users/jhoncuervo/Documents/GitHub/AppRecicler/node_modules/react-native-screens/android/build/generated/source/codegen/jni/react/renderer/components/rnscreens/EventEmitters.cpp:190:1: warning: '$' in identifier [-Wdollar-in-identifier-extension]
C/C++: $payload.setProperty(runtime, "goingForward", $event.goingForward);
C/C++: ^
C/C++: /Users/jhoncuervo/Documents/GitHub/AppRecicler/node_modules/react-native-screens/android/build/generated/source/codegen/jni/react/renderer/components/rnscreens/EventEmitters.cpp:190:47: warning: '$' in identifier [-Wdollar-in-identifier-extension]
C/C++: $payload.setProperty(runtime, "goingForward", $event.goingForward);
C/C++:                                               ^
C/C++: /Users/jhoncuervo/Documents/GitHub/AppRecicler/node_modules/react-native-screens/android/build/generated/source/codegen/jni/react/renderer/components/rnscreens/EventEmitters.cpp:191:12: warning: '$' in identifier [-Wdollar-in-identifier-extension]
C/C++:     return $payload;
C/C++:            ^
C/C++: /Users/jhoncuervo/Documents/GitHub/AppRecicler/node_modules/react-native-screens/android/build/generated/source/codegen/jni/react/renderer/components/rnscreens/EventEmitters.cpp:196:61: warning: '$' in identifier [-Wdollar-in-identifier-extension]
C/C++: void RNSScreenEventEmitter::onGestureCancel(OnGestureCancel $event) const {
C/C++:                                                             ^
C/C++: /Users/jhoncuervo/Documents/GitHub/AppRecicler/node_modules/react-native-screens/android/build/generated/source/codegen/jni/react/renderer/components/rnscreens/EventEmitters.cpp:198:10: warning: '$' in identifier [-Wdollar-in-identifier-extension]
C/C++:     auto $payload = jsi::Object(runtime);
C/C++:          ^
C/C++: /Users/jhoncuervo/Documents/GitHub/AppRecicler/node_modules/react-native-screens/android/build/generated/source/codegen/jni/react/renderer/components/rnscreens/EventEmitters.cpp:200:12: warning: '$' in identifier [-Wdollar-in-identifier-extension]
C/C++:     return $payload;
C/C++:            ^
C/C++: /Users/jhoncuervo/Documents/GitHub/AppRecicler/node_modules/react-native-screens/android/build/generated/source/codegen/jni/react/renderer/components/rnscreens/EventEmitters.cpp:205:81: warning: '$' in identifier [-Wdollar-in-identifier-extension]
C/C++: void RNSScreenEventEmitter::onHeaderBackButtonClicked(OnHeaderBackButtonClicked $event) const {
C/C++:                                                                                 ^
C/C++: /Users/jhoncuervo/Documents/GitHub/AppRecicler/node_modules/react-native-screens/android/build/generated/source/codegen/jni/react/renderer/components/rnscreens/EventEmitters.cpp:207:10: warning: '$' in identifier [-Wdollar-in-identifier-extension]
C/C++:     auto $payload = jsi::Object(runtime);
C/C++:          ^
C/C++: /Users/jhoncuervo/Documents/GitHub/AppRecicler/node_modules/react-native-screens/android/build/generated/source/codegen/jni/react/renderer/components/rnscreens/EventEmitters.cpp:209:12: warning: '$' in identifier [-Wdollar-in-identifier-extension]
C/C++:     return $payload;
C/C++:            ^
C/C++: /Users/jhoncuervo/Documents/GitHub/AppRecicler/node_modules/react-native-screens/android/build/generated/source/codegen/jni/react/renderer/components/rnscreens/EventEmitters.cpp:214:71: warning: '$' in identifier [-Wdollar-in-identifier-extension]
C/C++: void RNSScreenEventEmitter::onSheetDetentChanged(OnSheetDetentChanged $event) const {
C/C++:                                                                       ^
C/C++: /Users/jhoncuervo/Documents/GitHub/AppRecicler/node_modules/react-native-screens/android/build/generated/source/codegen/jni/react/renderer/components/rnscreens/EventEmitters.cpp:215:40: warning: '$' in identifier [-Wdollar-in-identifier-extension]
C/C++:   dispatchEvent("sheetDetentChanged", [$event=std::move($event)](jsi::Runtime &runtime) {
C/C++:                                        ^
C/C++: /Users/jhoncuervo/Documents/GitHub/AppRecicler/node_modules/react-native-screens/android/build/generated/source/codegen/jni/react/renderer/components/rnscreens/EventEmitters.cpp:215:57: warning: '$' in identifier [-Wdollar-in-identifier-extension]
C/C++:   dispatchEvent("sheetDetentChanged", [$event=std::move($event)](jsi::Runtime &runtime) {
C/C++:                                                         ^
C/C++: /Users/jhoncuervo/Documents/GitHub/AppRecicler/node_modules/react-native-screens/android/build/generated/source/codegen/jni/react/renderer/components/rnscreens/EventEmitters.cpp:216:10: warning: '$' in identifier [-Wdollar-in-identifier-extension]
C/C++:     auto $payload = jsi::Object(runtime);
C/C++:          ^
C/C++: /Users/jhoncuervo/Documents/GitHub/AppRecicler/node_modules/react-native-screens/android/build/generated/source/codegen/jni/react/renderer/components/rnscreens/EventEmitters.cpp:217:5: warning: '$' in identifier [-Wdollar-in-identifier-extension]
C/C++:     $payload.setProperty(runtime, "index", $event.index);
C/C++:     ^
C/C++: /Users/jhoncuervo/Documents/GitHub/AppRecicler/node_modules/react-native-screens/android/build/generated/source/codegen/jni/react/renderer/components/rnscreens/EventEmitters.cpp:217:44: warning: '$' in identifier [-Wdollar-in-identifier-extension]
C/C++:     $payload.setProperty(runtime, "index", $event.index);
C/C++:                                            ^
C/C++: /Users/jhoncuervo/Documents/GitHub/AppRecicler/node_modules/react-native-screens/android/build/generated/source/codegen/jni/react/renderer/components/rnscreens/EventEmitters.cpp:218:1: warning: '$' in identifier [-Wdollar-in-identifier-extension]
C/C++: $payload.setProperty(runtime, "isStable", $event.isStable);
C/C++: ^
C/C++: /Users/jhoncuervo/Documents/GitHub/AppRecicler/node_modules/react-native-screens/android/build/generated/source/codegen/jni/react/renderer/components/rnscreens/EventEmitters.cpp:218:43: warning: '$' in identifier [-Wdollar-in-identifier-extension]
C/C++: $payload.setProperty(runtime, "isStable", $event.isStable);
C/C++:                                           ^
C/C++: /Users/jhoncuervo/Documents/GitHub/AppRecicler/node_modules/react-native-screens/android/build/generated/source/codegen/jni/react/renderer/components/rnscreens/EventEmitters.cpp:219:12: warning: '$' in identifier [-Wdollar-in-identifier-extension]
C/C++:     return $payload;
C/C++:            ^
C/C++: /Users/jhoncuervo/Documents/GitHub/AppRecicler/node_modules/react-native-screens/android/build/generated/source/codegen/jni/react/renderer/components/rnscreens/EventEmitters.cpp:225:68: warning: '$' in identifier [-Wdollar-in-identifier-extension]
C/C++: void RNSScreenStackHeaderConfigEventEmitter::onAttached(OnAttached $event) const {
C/C++:                                                                    ^
C/C++: /Users/jhoncuervo/Documents/GitHub/AppRecicler/node_modules/react-native-screens/android/build/generated/source/codegen/jni/react/renderer/components/rnscreens/EventEmitters.cpp:227:10: warning: '$' in identifier [-Wdollar-in-identifier-extension]
C/C++:     auto $payload = jsi::Object(runtime);
C/C++:          ^
C/C++: /Users/jhoncuervo/Documents/GitHub/AppRecicler/node_modules/react-native-screens/android/build/generated/source/codegen/jni/react/renderer/components/rnscreens/EventEmitters.cpp:229:12: warning: '$' in identifier [-Wdollar-in-identifier-extension]
C/C++:     return $payload;
C/C++:            ^
C/C++: /Users/jhoncuervo/Documents/GitHub/AppRecicler/node_modules/react-native-screens/android/build/generated/source/codegen/jni/react/renderer/components/rnscreens/EventEmitters.cpp:234:68: warning: '$' in identifier [-Wdollar-in-identifier-extension]
C/C++: void RNSScreenStackHeaderConfigEventEmitter::onDetached(OnDetached $event) const {
C/C++:                                                                    ^
C/C++: /Users/jhoncuervo/Documents/GitHub/AppRecicler/node_modules/react-native-screens/android/build/generated/source/codegen/jni/react/renderer/components/rnscreens/EventEmitters.cpp:236:10: warning: '$' in identifier [-Wdollar-in-identifier-extension]
C/C++:     auto $payload = jsi::Object(runtime);
C/C++:          ^
C/C++: /Users/jhoncuervo/Documents/GitHub/AppRecicler/node_modules/react-native-screens/android/build/generated/source/codegen/jni/react/renderer/components/rnscreens/EventEmitters.cpp:238:12: warning: '$' in identifier [-Wdollar-in-identifier-extension]
C/C++:     return $payload;
C/C++:            ^
C/C++: /Users/jhoncuervo/Documents/GitHub/AppRecicler/node_modules/react-native-screens/android/build/generated/source/codegen/jni/react/renderer/components/rnscreens/EventEmitters.cpp:244:78: warning: '$' in identifier [-Wdollar-in-identifier-extension]
C/C++: void RNSScreenStackEventEmitter::onFinishTransitioning(OnFinishTransitioning $event) const {
C/C++:                                                                              ^
C/C++: /Users/jhoncuervo/Documents/GitHub/AppRecicler/node_modules/react-native-screens/android/build/generated/source/codegen/jni/react/renderer/components/rnscreens/EventEmitters.cpp:246:10: warning: '$' in identifier [-Wdollar-in-identifier-extension]
C/C++:     auto $payload = jsi::Object(runtime);
C/C++:          ^
C/C++: /Users/jhoncuervo/Documents/GitHub/AppRecicler/node_modules/react-native-screens/android/build/generated/source/codegen/jni/react/renderer/components/rnscreens/EventEmitters.cpp:248:12: warning: '$' in identifier [-Wdollar-in-identifier-extension]
C/C++:     return $payload;
C/C++:            ^
C/C++: /Users/jhoncuervo/Documents/GitHub/AppRecicler/node_modules/react-native-screens/android/build/generated/source/codegen/jni/react/renderer/components/rnscreens/EventEmitters.cpp:253:60: warning: '$' in identifier [-Wdollar-in-identifier-extension]
C/C++: void RNSSearchBarEventEmitter::onSearchFocus(OnSearchFocus $event) const {
C/C++:                                                            ^
C/C++: /Users/jhoncuervo/Documents/GitHub/AppRecicler/node_modules/react-native-screens/android/build/generated/source/codegen/jni/react/renderer/components/rnscreens/EventEmitters.cpp:255:10: warning: '$' in identifier [-Wdollar-in-identifier-extension]
C/C++:     auto $payload = jsi::Object(runtime);
C/C++:          ^
C/C++: /Users/jhoncuervo/Documents/GitHub/AppRecicler/node_modules/react-native-screens/android/build/generated/source/codegen/jni/react/renderer/components/rnscreens/EventEmitters.cpp:257:12: warning: '$' in identifier [-Wdollar-in-identifier-extension]
C/C++:     return $payload;
C/C++:            ^
C/C++: /Users/jhoncuervo/Documents/GitHub/AppRecicler/node_modules/react-native-screens/android/build/generated/source/codegen/jni/react/renderer/components/rnscreens/EventEmitters.cpp:262:58: warning: '$' in identifier [-Wdollar-in-identifier-extension]
C/C++: void RNSSearchBarEventEmitter::onSearchBlur(OnSearchBlur $event) const {
C/C++:                                                          ^
C/C++: /Users/jhoncuervo/Documents/GitHub/AppRecicler/node_modules/react-native-screens/android/build/generated/source/codegen/jni/react/renderer/components/rnscreens/EventEmitters.cpp:264:10: warning: '$' in identifier [-Wdollar-in-identifier-extension]
C/C++:     auto $payload = jsi::Object(runtime);
C/C++:          ^
C/C++: /Users/jhoncuervo/Documents/GitHub/AppRecicler/node_modules/react-native-screens/android/build/generated/source/codegen/jni/react/renderer/components/rnscreens/EventEmitters.cpp:266:12: warning: '$' in identifier [-Wdollar-in-identifier-extension]
C/C++:     return $payload;
C/C++:            ^
C/C++: /Users/jhoncuervo/Documents/GitHub/AppRecicler/node_modules/react-native-screens/android/build/generated/source/codegen/jni/react/renderer/components/rnscreens/EventEmitters.cpp:271:72: warning: '$' in identifier [-Wdollar-in-identifier-extension]
C/C++: void RNSSearchBarEventEmitter::onSearchButtonPress(OnSearchButtonPress $event) const {
C/C++:                                                                        ^
C/C++: /Users/jhoncuervo/Documents/GitHub/AppRecicler/node_modules/react-native-screens/android/build/generated/source/codegen/jni/react/renderer/components/rnscreens/EventEmitters.cpp:272:39: warning: '$' in identifier [-Wdollar-in-identifier-extension]
C/C++:   dispatchEvent("searchButtonPress", [$event=std::move($event)](jsi::Runtime &runtime) {
C/C++:                                       ^
C/C++: /Users/jhoncuervo/Documents/GitHub/AppRecicler/node_modules/react-native-screens/android/build/generated/source/codegen/jni/react/renderer/components/rnscreens/EventEmitters.cpp:272:56: warning: '$' in identifier [-Wdollar-in-identifier-extension]
C/C++:   dispatchEvent("searchButtonPress", [$event=std::move($event)](jsi::Runtime &runtime) {
C/C++:                                                        ^
C/C++: /Users/jhoncuervo/Documents/GitHub/AppRecicler/node_modules/react-native-screens/android/build/generated/source/codegen/jni/react/renderer/components/rnscreens/EventEmitters.cpp:273:10: warning: '$' in identifier [-Wdollar-in-identifier-extension]
C/C++:     auto $payload = jsi::Object(runtime);
C/C++:          ^
C/C++: /Users/jhoncuervo/Documents/GitHub/AppRecicler/node_modules/react-native-screens/android/build/generated/source/codegen/jni/react/renderer/components/rnscreens/EventEmitters.cpp:274:5: warning: '$' in identifier [-Wdollar-in-identifier-extension]
C/C++:     $payload.setProperty(runtime, "text", $event.text);
C/C++:     ^
C/C++: /Users/jhoncuervo/Documents/GitHub/AppRecicler/node_modules/react-native-screens/android/build/generated/source/codegen/jni/react/renderer/components/rnscreens/EventEmitters.cpp:274:43: warning: '$' in identifier [-Wdollar-in-identifier-extension]
C/C++:     $payload.setProperty(runtime, "text", $event.text);
C/C++:                                           ^
C/C++: /Users/jhoncuervo/Documents/GitHub/AppRecicler/node_modules/react-native-screens/android/build/generated/source/codegen/jni/react/renderer/components/rnscreens/EventEmitters.cpp:275:12: warning: '$' in identifier [-Wdollar-in-identifier-extension]
C/C++:     return $payload;
C/C++:            ^
C/C++: /Users/jhoncuervo/Documents/GitHub/AppRecicler/node_modules/react-native-screens/android/build/generated/source/codegen/jni/react/renderer/components/rnscreens/EventEmitters.cpp:280:72: warning: '$' in identifier [-Wdollar-in-identifier-extension]
C/C++: void RNSSearchBarEventEmitter::onCancelButtonPress(OnCancelButtonPress $event) const {
C/C++:                                                                        ^
C/C++: /Users/jhoncuervo/Documents/GitHub/AppRecicler/node_modules/react-native-screens/android/build/generated/source/codegen/jni/react/renderer/components/rnscreens/EventEmitters.cpp:282:10: warning: '$' in identifier [-Wdollar-in-identifier-extension]
C/C++:     auto $payload = jsi::Object(runtime);
C/C++:          ^
C/C++: /Users/jhoncuervo/Documents/GitHub/AppRecicler/node_modules/react-native-screens/android/build/generated/source/codegen/jni/react/renderer/components/rnscreens/EventEmitters.cpp:284:12: warning: '$' in identifier [-Wdollar-in-identifier-extension]
C/C++:     return $payload;
C/C++:            ^
C/C++: /Users/jhoncuervo/Documents/GitHub/AppRecicler/node_modules/react-native-screens/android/build/generated/source/codegen/jni/react/renderer/components/rnscreens/EventEmitters.cpp:289:58: warning: '$' in identifier [-Wdollar-in-identifier-extension]
C/C++: void RNSSearchBarEventEmitter::onChangeText(OnChangeText $event) const {
C/C++:                                                          ^
C/C++: /Users/jhoncuervo/Documents/GitHub/AppRecicler/node_modules/react-native-screens/android/build/generated/source/codegen/jni/react/renderer/components/rnscreens/EventEmitters.cpp:290:32: warning: '$' in identifier [-Wdollar-in-identifier-extension]
C/C++:   dispatchEvent("changeText", [$event=std::move($event)](jsi::Runtime &runtime) {
C/C++:                                ^
C/C++: /Users/jhoncuervo/Documents/GitHub/AppRecicler/node_modules/react-native-screens/android/build/generated/source/codegen/jni/react/renderer/components/rnscreens/EventEmitters.cpp:290:49: warning: '$' in identifier [-Wdollar-in-identifier-extension]
C/C++:   dispatchEvent("changeText", [$event=std::move($event)](jsi::Runtime &runtime) {
C/C++:                                                 ^
C/C++: /Users/jhoncuervo/Documents/GitHub/AppRecicler/node_modules/react-native-screens/android/build/generated/source/codegen/jni/react/renderer/components/rnscreens/EventEmitters.cpp:291:10: warning: '$' in identifier [-Wdollar-in-identifier-extension]
C/C++:     auto $payload = jsi::Object(runtime);
C/C++:          ^
C/C++: /Users/jhoncuervo/Documents/GitHub/AppRecicler/node_modules/react-native-screens/android/build/generated/source/codegen/jni/react/renderer/components/rnscreens/EventEmitters.cpp:292:5: warning: '$' in identifier [-Wdollar-in-identifier-extension]
C/C++:     $payload.setProperty(runtime, "text", $event.text);
C/C++:     ^
C/C++: /Users/jhoncuervo/Documents/GitHub/AppRecicler/node_modules/react-native-screens/android/build/generated/source/codegen/jni/react/renderer/components/rnscreens/EventEmitters.cpp:292:43: warning: '$' in identifier [-Wdollar-in-identifier-extension]
C/C++:     $payload.setProperty(runtime, "text", $event.text);
C/C++:                                           ^
C/C++: /Users/jhoncuervo/Documents/GitHub/AppRecicler/node_modules/react-native-screens/android/build/generated/source/codegen/jni/react/renderer/components/rnscreens/EventEmitters.cpp:293:12: warning: '$' in identifier [-Wdollar-in-identifier-extension]
C/C++:     return $payload;
C/C++:            ^
C/C++: /Users/jhoncuervo/Documents/GitHub/AppRecicler/node_modules/react-native-screens/android/build/generated/source/codegen/jni/react/renderer/components/rnscreens/EventEmitters.cpp:298:48: warning: '$' in identifier [-Wdollar-in-identifier-extension]
C/C++: void RNSSearchBarEventEmitter::onClose(OnClose $event) const {
C/C++:                                                ^
C/C++: /Users/jhoncuervo/Documents/GitHub/AppRecicler/node_modules/react-native-screens/android/build/generated/source/codegen/jni/react/renderer/components/rnscreens/EventEmitters.cpp:300:10: warning: '$' in identifier [-Wdollar-in-identifier-extension]
C/C++:     auto $payload = jsi::Object(runtime);
C/C++:          ^
C/C++: /Users/jhoncuervo/Documents/GitHub/AppRecicler/node_modules/react-native-screens/android/build/generated/source/codegen/jni/react/renderer/components/rnscreens/EventEmitters.cpp:302:12: warning: '$' in identifier [-Wdollar-in-identifier-extension]
C/C++:     return $payload;
C/C++:            ^
C/C++: /Users/jhoncuervo/Documents/GitHub/AppRecicler/node_modules/react-native-screens/android/build/generated/source/codegen/jni/react/renderer/components/rnscreens/EventEmitters.cpp:307:46: warning: '$' in identifier [-Wdollar-in-identifier-extension]
C/C++: void RNSSearchBarEventEmitter::onOpen(OnOpen $event) const {
C/C++:                                              ^
C/C++: /Users/jhoncuervo/Documents/GitHub/AppRecicler/node_modules/react-native-screens/android/build/generated/source/codegen/jni/react/renderer/components/rnscreens/EventEmitters.cpp:309:10: warning: '$' in identifier [-Wdollar-in-identifier-extension]
C/C++:     auto $payload = jsi::Object(runtime);
C/C++:          ^
C/C++: /Users/jhoncuervo/Documents/GitHub/AppRecicler/node_modules/react-native-screens/android/build/generated/source/codegen/jni/react/renderer/components/rnscreens/EventEmitters.cpp:311:12: warning: '$' in identifier [-Wdollar-in-identifier-extension]
C/C++:     return $payload;
C/C++:            ^
C/C++: 156 warnings generated.

> Task :app:configureCMakeDebug[x86]

> Task :app:buildCMakeDebug[x86]
C/C++: ninja: Entering directory `/Users/jhoncuervo/Documents/GitHub/AppRecicler/android/app/.cxx/Debug/e3w3pw4m/x86'
C/C++: /Users/jhoncuervo/Documents/GitHub/AppRecicler/node_modules/react-native-safe-area-context/android/build/generated/source/codegen/jni/react/renderer/components/safeareacontext/EventEmitters.cpp:16:69: warning: '$' in identifier [-Wdollar-in-identifier-extension]
C/C++: void RNCSafeAreaProviderEventEmitter::onInsetsChange(OnInsetsChange $event) const {
C/C++:                                                                     ^
C/C++: /Users/jhoncuervo/Documents/GitHub/AppRecicler/node_modules/react-native-safe-area-context/android/build/generated/source/codegen/jni/react/renderer/components/safeareacontext/EventEmitters.cpp:17:34: warning: '$' in identifier [-Wdollar-in-identifier-extension]
C/C++:   dispatchEvent("insetsChange", [$event=std::move($event)](jsi::Runtime &runtime) {
C/C++:                                  ^
C/C++: /Users/jhoncuervo/Documents/GitHub/AppRecicler/node_modules/react-native-safe-area-context/android/build/generated/source/codegen/jni/react/renderer/components/safeareacontext/EventEmitters.cpp:17:51: warning: '$' in identifier [-Wdollar-in-identifier-extension]
C/C++:   dispatchEvent("insetsChange", [$event=std::move($event)](jsi::Runtime &runtime) {
C/C++:                                                   ^
C/C++: /Users/jhoncuervo/Documents/GitHub/AppRecicler/node_modules/react-native-safe-area-context/android/build/generated/source/codegen/jni/react/renderer/components/safeareacontext/EventEmitters.cpp:18:10: warning: '$' in identifier [-Wdollar-in-identifier-extension]
C/C++:     auto $payload = jsi::Object(runtime);
C/C++:          ^
C/C++: /Users/jhoncuervo/Documents/GitHub/AppRecicler/node_modules/react-native-safe-area-context/android/build/generated/source/codegen/jni/react/renderer/components/safeareacontext/EventEmitters.cpp:21:38: warning: '$' in identifier [-Wdollar-in-identifier-extension]
C/C++:   insets.setProperty(runtime, "top", $event.insets.top);
C/C++:                                      ^
C/C++: /Users/jhoncuervo/Documents/GitHub/AppRecicler/node_modules/react-native-safe-area-context/android/build/generated/source/codegen/jni/react/renderer/components/safeareacontext/EventEmitters.cpp:22:40: warning: '$' in identifier [-Wdollar-in-identifier-extension]
C/C++:   insets.setProperty(runtime, "right", $event.insets.right);
C/C++:                                        ^
C/C++: /Users/jhoncuervo/Documents/GitHub/AppRecicler/node_modules/react-native-safe-area-context/android/build/generated/source/codegen/jni/react/renderer/components/safeareacontext/EventEmitters.cpp:23:41: warning: '$' in identifier [-Wdollar-in-identifier-extension]
C/C++:   insets.setProperty(runtime, "bottom", $event.insets.bottom);
C/C++:                                         ^
C/C++: /Users/jhoncuervo/Documents/GitHub/AppRecicler/node_modules/react-native-safe-area-context/android/build/generated/source/codegen/jni/react/renderer/components/safeareacontext/EventEmitters.cpp:24:39: warning: '$' in identifier [-Wdollar-in-identifier-extension]
C/C++:   insets.setProperty(runtime, "left", $event.insets.left);
C/C++:                                       ^
C/C++: /Users/jhoncuervo/Documents/GitHub/AppRecicler/node_modules/react-native-safe-area-context/android/build/generated/source/codegen/jni/react/renderer/components/safeareacontext/EventEmitters.cpp:25:3: warning: '$' in identifier [-Wdollar-in-identifier-extension]
C/C++:   $payload.setProperty(runtime, "insets", insets);
C/C++:   ^
C/C++: /Users/jhoncuervo/Documents/GitHub/AppRecicler/node_modules/react-native-safe-area-context/android/build/generated/source/codegen/jni/react/renderer/components/safeareacontext/EventEmitters.cpp:29:35: warning: '$' in identifier [-Wdollar-in-identifier-extension]
C/C++:   frame.setProperty(runtime, "x", $event.frame.x);
C/C++:                                   ^
C/C++: /Users/jhoncuervo/Documents/GitHub/AppRecicler/node_modules/react-native-safe-area-context/android/build/generated/source/codegen/jni/react/renderer/components/safeareacontext/EventEmitters.cpp:30:35: warning: '$' in identifier [-Wdollar-in-identifier-extension]
C/C++:   frame.setProperty(runtime, "y", $event.frame.y);
C/C++:                                   ^
C/C++: /Users/jhoncuervo/Documents/GitHub/AppRecicler/node_modules/react-native-safe-area-context/android/build/generated/source/codegen/jni/react/renderer/components/safeareacontext/EventEmitters.cpp:31:39: warning: '$' in identifier [-Wdollar-in-identifier-extension]
C/C++:   frame.setProperty(runtime, "width", $event.frame.width);
C/C++:                                       ^
C/C++: /Users/jhoncuervo/Documents/GitHub/AppRecicler/node_modules/react-native-safe-area-context/android/build/generated/source/codegen/jni/react/renderer/components/safeareacontext/EventEmitters.cpp:32:40: warning: '$' in identifier [-Wdollar-in-identifier-extension]
C/C++:   frame.setProperty(runtime, "height", $event.frame.height);
C/C++:                                        ^
C/C++: /Users/jhoncuervo/Documents/GitHub/AppRecicler/node_modules/react-native-safe-area-context/android/build/generated/source/codegen/jni/react/renderer/components/safeareacontext/EventEmitters.cpp:33:3: warning: '$' in identifier [-Wdollar-in-identifier-extension]
C/C++:   $payload.setProperty(runtime, "frame", frame);
C/C++:   ^
C/C++: /Users/jhoncuervo/Documents/GitHub/AppRecicler/node_modules/react-native-safe-area-context/android/build/generated/source/codegen/jni/react/renderer/components/safeareacontext/EventEmitters.cpp:35:12: warning: '$' in identifier [-Wdollar-in-identifier-extension]
C/C++:     return $payload;
C/C++:            ^
C/C++: 15 warnings generated.
C/C++: /Users/jhoncuervo/Documents/GitHub/AppRecicler/node_modules/react-native-screens/android/build/generated/source/codegen/jni/react/renderer/components/rnscreens/EventEmitters.cpp:17:52: warning: '$' in identifier [-Wdollar-in-identifier-extension]
C/C++: void RNSModalScreenEventEmitter::onAppear(OnAppear $event) const {
C/C++:                                                    ^
C/C++: /Users/jhoncuervo/Documents/GitHub/AppRecicler/node_modules/react-native-screens/android/build/generated/source/codegen/jni/react/renderer/components/rnscreens/EventEmitters.cpp:19:10: warning: '$' in identifier [-Wdollar-in-identifier-extension]
C/C++:     auto $payload = jsi::Object(runtime);
C/C++:          ^
C/C++: /Users/jhoncuervo/Documents/GitHub/AppRecicler/node_modules/react-native-screens/android/build/generated/source/codegen/jni/react/renderer/components/rnscreens/EventEmitters.cpp:21:12: warning: '$' in identifier [-Wdollar-in-identifier-extension]
C/C++:     return $payload;
C/C++:            ^
C/C++: /Users/jhoncuervo/Documents/GitHub/AppRecicler/node_modules/react-native-screens/android/build/generated/source/codegen/jni/react/renderer/components/rnscreens/EventEmitters.cpp:26:58: warning: '$' in identifier [-Wdollar-in-identifier-extension]
C/C++: void RNSModalScreenEventEmitter::onDisappear(OnDisappear $event) const {
C/C++:                                                          ^
C/C++: /Users/jhoncuervo/Documents/GitHub/AppRecicler/node_modules/react-native-screens/android/build/generated/source/codegen/jni/react/renderer/components/rnscreens/EventEmitters.cpp:28:10: warning: '$' in identifier [-Wdollar-in-identifier-extension]
C/C++:     auto $payload = jsi::Object(runtime);
C/C++:          ^
C/C++: /Users/jhoncuervo/Documents/GitHub/AppRecicler/node_modules/react-native-screens/android/build/generated/source/codegen/jni/react/renderer/components/rnscreens/EventEmitters.cpp:30:12: warning: '$' in identifier [-Wdollar-in-identifier-extension]
C/C++:     return $payload;
C/C++:            ^
C/C++: /Users/jhoncuervo/Documents/GitHub/AppRecicler/node_modules/react-native-screens/android/build/generated/source/codegen/jni/react/renderer/components/rnscreens/EventEmitters.cpp:35:58: warning: '$' in identifier [-Wdollar-in-identifier-extension]
C/C++: void RNSModalScreenEventEmitter::onDismissed(OnDismissed $event) const {
C/C++:                                                          ^
C/C++: /Users/jhoncuervo/Documents/GitHub/AppRecicler/node_modules/react-native-screens/android/build/generated/source/codegen/jni/react/renderer/components/rnscreens/EventEmitters.cpp:36:31: warning: '$' in identifier [-Wdollar-in-identifier-extension]
C/C++:   dispatchEvent("dismissed", [$event=std::move($event)](jsi::Runtime &runtime) {
C/C++:                               ^
C/C++: /Users/jhoncuervo/Documents/GitHub/AppRecicler/node_modules/react-native-screens/android/build/generated/source/codegen/jni/react/renderer/components/rnscreens/EventEmitters.cpp:36:48: warning: '$' in identifier [-Wdollar-in-identifier-extension]
C/C++:   dispatchEvent("dismissed", [$event=std::move($event)](jsi::Runtime &runtime) {
C/C++:                                                ^
C/C++: /Users/jhoncuervo/Documents/GitHub/AppRecicler/node_modules/react-native-screens/android/build/generated/source/codegen/jni/react/renderer/components/rnscreens/EventEmitters.cpp:37:10: warning: '$' in identifier [-Wdollar-in-identifier-extension]
C/C++:     auto $payload = jsi::Object(runtime);
C/C++:          ^
C/C++: /Users/jhoncuervo/Documents/GitHub/AppRecicler/node_modules/react-native-screens/android/build/generated/source/codegen/jni/react/renderer/components/rnscreens/EventEmitters.cpp:38:5: warning: '$' in identifier [-Wdollar-in-identifier-extension]
C/C++:     $payload.setProperty(runtime, "dismissCount", $event.dismissCount);
C/C++:     ^
C/C++: /Users/jhoncuervo/Documents/GitHub/AppRecicler/node_modules/react-native-screens/android/build/generated/source/codegen/jni/react/renderer/components/rnscreens/EventEmitters.cpp:38:51: warning: '$' in identifier [-Wdollar-in-identifier-extension]
C/C++:     $payload.setProperty(runtime, "dismissCount", $event.dismissCount);
C/C++:                                                   ^
C/C++: /Users/jhoncuervo/Documents/GitHub/AppRecicler/node_modules/react-native-screens/android/build/generated/source/codegen/jni/react/renderer/components/rnscreens/EventEmitters.cpp:39:12: warning: '$' in identifier [-Wdollar-in-identifier-extension]
C/C++:     return $payload;
C/C++:            ^
C/C++: /Users/jhoncuervo/Documents/GitHub/AppRecicler/node_modules/react-native-screens/android/build/generated/source/codegen/jni/react/renderer/components/rnscreens/EventEmitters.cpp:44:84: warning: '$' in identifier [-Wdollar-in-identifier-extension]
C/C++: void RNSModalScreenEventEmitter::onNativeDismissCancelled(OnNativeDismissCancelled $event) const {
C/C++:                                                                                    ^
C/C++: /Users/jhoncuervo/Documents/GitHub/AppRecicler/node_modules/react-native-screens/android/build/generated/source/codegen/jni/react/renderer/components/rnscreens/EventEmitters.cpp:45:44: warning: '$' in identifier [-Wdollar-in-identifier-extension]
C/C++:   dispatchEvent("nativeDismissCancelled", [$event=std::move($event)](jsi::Runtime &runtime) {
C/C++:                                            ^
C/C++: /Users/jhoncuervo/Documents/GitHub/AppRecicler/node_modules/react-native-screens/android/build/generated/source/codegen/jni/react/renderer/components/rnscreens/EventEmitters.cpp:45:61: warning: '$' in identifier [-Wdollar-in-identifier-extension]
C/C++:   dispatchEvent("nativeDismissCancelled", [$event=std::move($event)](jsi::Runtime &runtime) {
C/C++:                                                             ^
C/C++: /Users/jhoncuervo/Documents/GitHub/AppRecicler/node_modules/react-native-screens/android/build/generated/source/codegen/jni/react/renderer/components/rnscreens/EventEmitters.cpp:46:10: warning: '$' in identifier [-Wdollar-in-identifier-extension]
C/C++:     auto $payload = jsi::Object(runtime);
C/C++:          ^
C/C++: /Users/jhoncuervo/Documents/GitHub/AppRecicler/node_modules/react-native-screens/android/build/generated/source/codegen/jni/react/renderer/components/rnscreens/EventEmitters.cpp:47:5: warning: '$' in identifier [-Wdollar-in-identifier-extension]
C/C++:     $payload.setProperty(runtime, "dismissCount", $event.dismissCount);
C/C++:     ^
C/C++: /Users/jhoncuervo/Documents/GitHub/AppRecicler/node_modules/react-native-screens/android/build/generated/source/codegen/jni/react/renderer/components/rnscreens/EventEmitters.cpp:47:51: warning: '$' in identifier [-Wdollar-in-identifier-extension]
C/C++:     $payload.setProperty(runtime, "dismissCount", $event.dismissCount);
C/C++:                                                   ^
C/C++: /Users/jhoncuervo/Documents/GitHub/AppRecicler/node_modules/react-native-screens/android/build/generated/source/codegen/jni/react/renderer/components/rnscreens/EventEmitters.cpp:48:12: warning: '$' in identifier [-Wdollar-in-identifier-extension]
C/C++:     return $payload;
C/C++:            ^
C/C++: /Users/jhoncuervo/Documents/GitHub/AppRecicler/node_modules/react-native-screens/android/build/generated/source/codegen/jni/react/renderer/components/rnscreens/EventEmitters.cpp:53:60: warning: '$' in identifier [-Wdollar-in-identifier-extension]
C/C++: void RNSModalScreenEventEmitter::onWillAppear(OnWillAppear $event) const {
C/C++:                                                            ^
C/C++: /Users/jhoncuervo/Documents/GitHub/AppRecicler/node_modules/react-native-screens/android/build/generated/source/codegen/jni/react/renderer/components/rnscreens/EventEmitters.cpp:55:10: warning: '$' in identifier [-Wdollar-in-identifier-extension]
C/C++:     auto $payload = jsi::Object(runtime);
C/C++:          ^
C/C++: /Users/jhoncuervo/Documents/GitHub/AppRecicler/node_modules/react-native-screens/android/build/generated/source/codegen/jni/react/renderer/components/rnscreens/EventEmitters.cpp:57:12: warning: '$' in identifier [-Wdollar-in-identifier-extension]
C/C++:     return $payload;
C/C++:            ^
C/C++: /Users/jhoncuervo/Documents/GitHub/AppRecicler/node_modules/react-native-screens/android/build/generated/source/codegen/jni/react/renderer/components/rnscreens/EventEmitters.cpp:62:66: warning: '$' in identifier [-Wdollar-in-identifier-extension]
C/C++: void RNSModalScreenEventEmitter::onWillDisappear(OnWillDisappear $event) const {
C/C++:                                                                  ^
C/C++: /Users/jhoncuervo/Documents/GitHub/AppRecicler/node_modules/react-native-screens/android/build/generated/source/codegen/jni/react/renderer/components/rnscreens/EventEmitters.cpp:64:10: warning: '$' in identifier [-Wdollar-in-identifier-extension]
C/C++:     auto $payload = jsi::Object(runtime);
C/C++:          ^
C/C++: /Users/jhoncuervo/Documents/GitHub/AppRecicler/node_modules/react-native-screens/android/build/generated/source/codegen/jni/react/renderer/components/rnscreens/EventEmitters.cpp:66:12: warning: '$' in identifier [-Wdollar-in-identifier-extension]
C/C++:     return $payload;
C/C++:            ^
C/C++: /Users/jhoncuervo/Documents/GitHub/AppRecicler/node_modules/react-native-screens/android/build/generated/source/codegen/jni/react/renderer/components/rnscreens/EventEmitters.cpp:71:76: warning: '$' in identifier [-Wdollar-in-identifier-extension]
C/C++: void RNSModalScreenEventEmitter::onHeaderHeightChange(OnHeaderHeightChange $event) const {
C/C++:                                                                            ^
C/C++: /Users/jhoncuervo/Documents/GitHub/AppRecicler/node_modules/react-native-screens/android/build/generated/source/codegen/jni/react/renderer/components/rnscreens/EventEmitters.cpp:72:40: warning: '$' in identifier [-Wdollar-in-identifier-extension]
C/C++:   dispatchEvent("headerHeightChange", [$event=std::move($event)](jsi::Runtime &runtime) {
C/C++:                                        ^
C/C++: /Users/jhoncuervo/Documents/GitHub/AppRecicler/node_modules/react-native-screens/android/build/generated/source/codegen/jni/react/renderer/components/rnscreens/EventEmitters.cpp:72:57: warning: '$' in identifier [-Wdollar-in-identifier-extension]
C/C++:   dispatchEvent("headerHeightChange", [$event=std::move($event)](jsi::Runtime &runtime) {
C/C++:                                                         ^
C/C++: /Users/jhoncuervo/Documents/GitHub/AppRecicler/node_modules/react-native-screens/android/build/generated/source/codegen/jni/react/renderer/components/rnscreens/EventEmitters.cpp:73:10: warning: '$' in identifier [-Wdollar-in-identifier-extension]
C/C++:     auto $payload = jsi::Object(runtime);
C/C++:          ^
C/C++: /Users/jhoncuervo/Documents/GitHub/AppRecicler/node_modules/react-native-screens/android/build/generated/source/codegen/jni/react/renderer/components/rnscreens/EventEmitters.cpp:74:5: warning: '$' in identifier [-Wdollar-in-identifier-extension]
C/C++:     $payload.setProperty(runtime, "headerHeight", $event.headerHeight);
C/C++:     ^
C/C++: /Users/jhoncuervo/Documents/GitHub/AppRecicler/node_modules/react-native-screens/android/build/generated/source/codegen/jni/react/renderer/components/rnscreens/EventEmitters.cpp:74:51: warning: '$' in identifier [-Wdollar-in-identifier-extension]
C/C++:     $payload.setProperty(runtime, "headerHeight", $event.headerHeight);
C/C++:                                                   ^
C/C++: /Users/jhoncuervo/Documents/GitHub/AppRecicler/node_modules/react-native-screens/android/build/generated/source/codegen/jni/react/renderer/components/rnscreens/EventEmitters.cpp:75:12: warning: '$' in identifier [-Wdollar-in-identifier-extension]
C/C++:     return $payload;
C/C++:            ^
C/C++: /Users/jhoncuervo/Documents/GitHub/AppRecicler/node_modules/react-native-screens/android/build/generated/source/codegen/jni/react/renderer/components/rnscreens/EventEmitters.cpp:80:76: warning: '$' in identifier [-Wdollar-in-identifier-extension]
C/C++: void RNSModalScreenEventEmitter::onTransitionProgress(OnTransitionProgress $event) const {
C/C++:                                                                            ^
C/C++: /Users/jhoncuervo/Documents/GitHub/AppRecicler/node_modules/react-native-screens/android/build/generated/source/codegen/jni/react/renderer/components/rnscreens/EventEmitters.cpp:81:40: warning: '$' in identifier [-Wdollar-in-identifier-extension]
C/C++:   dispatchEvent("transitionProgress", [$event=std::move($event)](jsi::Runtime &runtime) {
C/C++:                                        ^
C/C++: /Users/jhoncuervo/Documents/GitHub/AppRecicler/node_modules/react-native-screens/android/build/generated/source/codegen/jni/react/renderer/components/rnscreens/EventEmitters.cpp:81:57: warning: '$' in identifier [-Wdollar-in-identifier-extension]
C/C++:   dispatchEvent("transitionProgress", [$event=std::move($event)](jsi::Runtime &runtime) {
C/C++:                                                         ^
C/C++: /Users/jhoncuervo/Documents/GitHub/AppRecicler/node_modules/react-native-screens/android/build/generated/source/codegen/jni/react/renderer/components/rnscreens/EventEmitters.cpp:82:10: warning: '$' in identifier [-Wdollar-in-identifier-extension]
C/C++:     auto $payload = jsi::Object(runtime);
C/C++:          ^
C/C++: /Users/jhoncuervo/Documents/GitHub/AppRecicler/node_modules/react-native-screens/android/build/generated/source/codegen/jni/react/renderer/components/rnscreens/EventEmitters.cpp:83:5: warning: '$' in identifier [-Wdollar-in-identifier-extension]
C/C++:     $payload.setProperty(runtime, "progress", $event.progress);
C/C++:     ^
C/C++: /Users/jhoncuervo/Documents/GitHub/AppRecicler/node_modules/react-native-screens/android/build/generated/source/codegen/jni/react/renderer/components/rnscreens/EventEmitters.cpp:83:47: warning: '$' in identifier [-Wdollar-in-identifier-extension]
C/C++:     $payload.setProperty(runtime, "progress", $event.progress);
C/C++:                                               ^
C/C++: /Users/jhoncuervo/Documents/GitHub/AppRecicler/node_modules/react-native-screens/android/build/generated/source/codegen/jni/react/renderer/components/rnscreens/EventEmitters.cpp:84:1: warning: '$' in identifier [-Wdollar-in-identifier-extension]
C/C++: $payload.setProperty(runtime, "closing", $event.closing);
C/C++: ^
C/C++: /Users/jhoncuervo/Documents/GitHub/AppRecicler/node_modules/react-native-screens/android/build/generated/source/codegen/jni/react/renderer/components/rnscreens/EventEmitters.cpp:84:42: warning: '$' in identifier [-Wdollar-in-identifier-extension]
C/C++: $payload.setProperty(runtime, "closing", $event.closing);
C/C++:                                          ^
C/C++: /Users/jhoncuervo/Documents/GitHub/AppRecicler/node_modules/react-native-screens/android/build/generated/source/codegen/jni/react/renderer/components/rnscreens/EventEmitters.cpp:85:1: warning: '$' in identifier [-Wdollar-in-identifier-extension]
C/C++: $payload.setProperty(runtime, "goingForward", $event.goingForward);
C/C++: ^
C/C++: /Users/jhoncuervo/Documents/GitHub/AppRecicler/node_modules/react-native-screens/android/build/generated/source/codegen/jni/react/renderer/components/rnscreens/EventEmitters.cpp:85:47: warning: '$' in identifier [-Wdollar-in-identifier-extension]
C/C++: $payload.setProperty(runtime, "goingForward", $event.goingForward);
C/C++:                                               ^
C/C++: /Users/jhoncuervo/Documents/GitHub/AppRecicler/node_modules/react-native-screens/android/build/generated/source/codegen/jni/react/renderer/components/rnscreens/EventEmitters.cpp:86:12: warning: '$' in identifier [-Wdollar-in-identifier-extension]
C/C++:     return $payload;
C/C++:            ^
C/C++: /Users/jhoncuervo/Documents/GitHub/AppRecicler/node_modules/react-native-screens/android/build/generated/source/codegen/jni/react/renderer/components/rnscreens/EventEmitters.cpp:91:66: warning: '$' in identifier [-Wdollar-in-identifier-extension]
C/C++: void RNSModalScreenEventEmitter::onGestureCancel(OnGestureCancel $event) const {
C/C++:                                                                  ^
C/C++: /Users/jhoncuervo/Documents/GitHub/AppRecicler/node_modules/react-native-screens/android/build/generated/source/codegen/jni/react/renderer/components/rnscreens/EventEmitters.cpp:93:10: warning: '$' in identifier [-Wdollar-in-identifier-extension]
C/C++:     auto $payload = jsi::Object(runtime);
C/C++:          ^
C/C++: /Users/jhoncuervo/Documents/GitHub/AppRecicler/node_modules/react-native-screens/android/build/generated/source/codegen/jni/react/renderer/components/rnscreens/EventEmitters.cpp:95:12: warning: '$' in identifier [-Wdollar-in-identifier-extension]
C/C++:     return $payload;
C/C++:            ^
C/C++: /Users/jhoncuervo/Documents/GitHub/AppRecicler/node_modules/react-native-screens/android/build/generated/source/codegen/jni/react/renderer/components/rnscreens/EventEmitters.cpp:100:86: warning: '$' in identifier [-Wdollar-in-identifier-extension]
C/C++: void RNSModalScreenEventEmitter::onHeaderBackButtonClicked(OnHeaderBackButtonClicked $event) const {
C/C++:                                                                                      ^
C/C++: /Users/jhoncuervo/Documents/GitHub/AppRecicler/node_modules/react-native-screens/android/build/generated/source/codegen/jni/react/renderer/components/rnscreens/EventEmitters.cpp:102:10: warning: '$' in identifier [-Wdollar-in-identifier-extension]
C/C++:     auto $payload = jsi::Object(runtime);
C/C++:          ^
C/C++: /Users/jhoncuervo/Documents/GitHub/AppRecicler/node_modules/react-native-screens/android/build/generated/source/codegen/jni/react/renderer/components/rnscreens/EventEmitters.cpp:104:12: warning: '$' in identifier [-Wdollar-in-identifier-extension]
C/C++:     return $payload;
C/C++:            ^
C/C++: /Users/jhoncuervo/Documents/GitHub/AppRecicler/node_modules/react-native-screens/android/build/generated/source/codegen/jni/react/renderer/components/rnscreens/EventEmitters.cpp:109:76: warning: '$' in identifier [-Wdollar-in-identifier-extension]
C/C++: void RNSModalScreenEventEmitter::onSheetDetentChanged(OnSheetDetentChanged $event) const {
C/C++:                                                                            ^
C/C++: /Users/jhoncuervo/Documents/GitHub/AppRecicler/node_modules/react-native-screens/android/build/generated/source/codegen/jni/react/renderer/components/rnscreens/EventEmitters.cpp:110:40: warning: '$' in identifier [-Wdollar-in-identifier-extension]
C/C++:   dispatchEvent("sheetDetentChanged", [$event=std::move($event)](jsi::Runtime &runtime) {
C/C++:                                        ^
C/C++: /Users/jhoncuervo/Documents/GitHub/AppRecicler/node_modules/react-native-screens/android/build/generated/source/codegen/jni/react/renderer/components/rnscreens/EventEmitters.cpp:110:57: warning: '$' in identifier [-Wdollar-in-identifier-extension]
C/C++:   dispatchEvent("sheetDetentChanged", [$event=std::move($event)](jsi::Runtime &runtime) {
C/C++:                                                         ^
C/C++: /Users/jhoncuervo/Documents/GitHub/AppRecicler/node_modules/react-native-screens/android/build/generated/source/codegen/jni/react/renderer/components/rnscreens/EventEmitters.cpp:111:10: warning: '$' in identifier [-Wdollar-in-identifier-extension]
C/C++:     auto $payload = jsi::Object(runtime);
C/C++:          ^
C/C++: /Users/jhoncuervo/Documents/GitHub/AppRecicler/node_modules/react-native-screens/android/build/generated/source/codegen/jni/react/renderer/components/rnscreens/EventEmitters.cpp:112:5: warning: '$' in identifier [-Wdollar-in-identifier-extension]
C/C++:     $payload.setProperty(runtime, "index", $event.index);
C/C++:     ^
C/C++: /Users/jhoncuervo/Documents/GitHub/AppRecicler/node_modules/react-native-screens/android/build/generated/source/codegen/jni/react/renderer/components/rnscreens/EventEmitters.cpp:112:44: warning: '$' in identifier [-Wdollar-in-identifier-extension]
C/C++:     $payload.setProperty(runtime, "index", $event.index);
C/C++:                                            ^
C/C++: /Users/jhoncuervo/Documents/GitHub/AppRecicler/node_modules/react-native-screens/android/build/generated/source/codegen/jni/react/renderer/components/rnscreens/EventEmitters.cpp:113:1: warning: '$' in identifier [-Wdollar-in-identifier-extension]
C/C++: $payload.setProperty(runtime, "isStable", $event.isStable);
C/C++: ^
C/C++: /Users/jhoncuervo/Documents/GitHub/AppRecicler/node_modules/react-native-screens/android/build/generated/source/codegen/jni/react/renderer/components/rnscreens/EventEmitters.cpp:113:43: warning: '$' in identifier [-Wdollar-in-identifier-extension]
C/C++: $payload.setProperty(runtime, "isStable", $event.isStable);
C/C++:                                           ^
C/C++: /Users/jhoncuervo/Documents/GitHub/AppRecicler/node_modules/react-native-screens/android/build/generated/source/codegen/jni/react/renderer/components/rnscreens/EventEmitters.cpp:114:12: warning: '$' in identifier [-Wdollar-in-identifier-extension]
C/C++:     return $payload;
C/C++:            ^
C/C++: /Users/jhoncuervo/Documents/GitHub/AppRecicler/node_modules/react-native-screens/android/build/generated/source/codegen/jni/react/renderer/components/rnscreens/EventEmitters.cpp:122:47: warning: '$' in identifier [-Wdollar-in-identifier-extension]
C/C++: void RNSScreenEventEmitter::onAppear(OnAppear $event) const {
C/C++:                                               ^
C/C++: /Users/jhoncuervo/Documents/GitHub/AppRecicler/node_modules/react-native-screens/android/build/generated/source/codegen/jni/react/renderer/components/rnscreens/EventEmitters.cpp:124:10: warning: '$' in identifier [-Wdollar-in-identifier-extension]
C/C++:     auto $payload = jsi::Object(runtime);
C/C++:          ^
C/C++: /Users/jhoncuervo/Documents/GitHub/AppRecicler/node_modules/react-native-screens/android/build/generated/source/codegen/jni/react/renderer/components/rnscreens/EventEmitters.cpp:126:12: warning: '$' in identifier [-Wdollar-in-identifier-extension]
C/C++:     return $payload;
C/C++:            ^
C/C++: /Users/jhoncuervo/Documents/GitHub/AppRecicler/node_modules/react-native-screens/android/build/generated/source/codegen/jni/react/renderer/components/rnscreens/EventEmitters.cpp:131:53: warning: '$' in identifier [-Wdollar-in-identifier-extension]
C/C++: void RNSScreenEventEmitter::onDisappear(OnDisappear $event) const {
C/C++:                                                     ^
C/C++: /Users/jhoncuervo/Documents/GitHub/AppRecicler/node_modules/react-native-screens/android/build/generated/source/codegen/jni/react/renderer/components/rnscreens/EventEmitters.cpp:133:10: warning: '$' in identifier [-Wdollar-in-identifier-extension]
C/C++:     auto $payload = jsi::Object(runtime);
C/C++:          ^
C/C++: /Users/jhoncuervo/Documents/GitHub/AppRecicler/node_modules/react-native-screens/android/build/generated/source/codegen/jni/react/renderer/components/rnscreens/EventEmitters.cpp:135:12: warning: '$' in identifier [-Wdollar-in-identifier-extension]
C/C++:     return $payload;
C/C++:            ^
C/C++: /Users/jhoncuervo/Documents/GitHub/AppRecicler/node_modules/react-native-screens/android/build/generated/source/codegen/jni/react/renderer/components/rnscreens/EventEmitters.cpp:140:53: warning: '$' in identifier [-Wdollar-in-identifier-extension]
C/C++: void RNSScreenEventEmitter::onDismissed(OnDismissed $event) const {
C/C++:                                                     ^
C/C++: /Users/jhoncuervo/Documents/GitHub/AppRecicler/node_modules/react-native-screens/android/build/generated/source/codegen/jni/react/renderer/components/rnscreens/EventEmitters.cpp:141:31: warning: '$' in identifier [-Wdollar-in-identifier-extension]
C/C++:   dispatchEvent("dismissed", [$event=std::move($event)](jsi::Runtime &runtime) {
C/C++:                               ^
C/C++: /Users/jhoncuervo/Documents/GitHub/AppRecicler/node_modules/react-native-screens/android/build/generated/source/codegen/jni/react/renderer/components/rnscreens/EventEmitters.cpp:141:48: warning: '$' in identifier [-Wdollar-in-identifier-extension]
C/C++:   dispatchEvent("dismissed", [$event=std::move($event)](jsi::Runtime &runtime) {
C/C++:                                                ^
C/C++: /Users/jhoncuervo/Documents/GitHub/AppRecicler/node_modules/react-native-screens/android/build/generated/source/codegen/jni/react/renderer/components/rnscreens/EventEmitters.cpp:142:10: warning: '$' in identifier [-Wdollar-in-identifier-extension]
C/C++:     auto $payload = jsi::Object(runtime);
C/C++:          ^
C/C++: /Users/jhoncuervo/Documents/GitHub/AppRecicler/node_modules/react-native-screens/android/build/generated/source/codegen/jni/react/renderer/components/rnscreens/EventEmitters.cpp:143:5: warning: '$' in identifier [-Wdollar-in-identifier-extension]
C/C++:     $payload.setProperty(runtime, "dismissCount", $event.dismissCount);
C/C++:     ^
C/C++: /Users/jhoncuervo/Documents/GitHub/AppRecicler/node_modules/react-native-screens/android/build/generated/source/codegen/jni/react/renderer/components/rnscreens/EventEmitters.cpp:143:51: warning: '$' in identifier [-Wdollar-in-identifier-extension]
C/C++:     $payload.setProperty(runtime, "dismissCount", $event.dismissCount);
C/C++:                                                   ^
C/C++: /Users/jhoncuervo/Documents/GitHub/AppRecicler/node_modules/react-native-screens/android/build/generated/source/codegen/jni/react/renderer/components/rnscreens/EventEmitters.cpp:144:12: warning: '$' in identifier [-Wdollar-in-identifier-extension]
C/C++:     return $payload;
C/C++:            ^
C/C++: /Users/jhoncuervo/Documents/GitHub/AppRecicler/node_modules/react-native-screens/android/build/generated/source/codegen/jni/react/renderer/components/rnscreens/EventEmitters.cpp:149:79: warning: '$' in identifier [-Wdollar-in-identifier-extension]
C/C++: void RNSScreenEventEmitter::onNativeDismissCancelled(OnNativeDismissCancelled $event) const {
C/C++:                                                                               ^
C/C++: /Users/jhoncuervo/Documents/GitHub/AppRecicler/node_modules/react-native-screens/android/build/generated/source/codegen/jni/react/renderer/components/rnscreens/EventEmitters.cpp:150:44: warning: '$' in identifier [-Wdollar-in-identifier-extension]
C/C++:   dispatchEvent("nativeDismissCancelled", [$event=std::move($event)](jsi::Runtime &runtime) {
C/C++:                                            ^
C/C++: /Users/jhoncuervo/Documents/GitHub/AppRecicler/node_modules/react-native-screens/android/build/generated/source/codegen/jni/react/renderer/components/rnscreens/EventEmitters.cpp:150:61: warning: '$' in identifier [-Wdollar-in-identifier-extension]
C/C++:   dispatchEvent("nativeDismissCancelled", [$event=std::move($event)](jsi::Runtime &runtime) {
C/C++:                                                             ^
C/C++: /Users/jhoncuervo/Documents/GitHub/AppRecicler/node_modules/react-native-screens/android/build/generated/source/codegen/jni/react/renderer/components/rnscreens/EventEmitters.cpp:151:10: warning: '$' in identifier [-Wdollar-in-identifier-extension]
C/C++:     auto $payload = jsi::Object(runtime);
C/C++:          ^
C/C++: /Users/jhoncuervo/Documents/GitHub/AppRecicler/node_modules/react-native-screens/android/build/generated/source/codegen/jni/react/renderer/components/rnscreens/EventEmitters.cpp:152:5: warning: '$' in identifier [-Wdollar-in-identifier-extension]
C/C++:     $payload.setProperty(runtime, "dismissCount", $event.dismissCount);
C/C++:     ^
C/C++: /Users/jhoncuervo/Documents/GitHub/AppRecicler/node_modules/react-native-screens/android/build/generated/source/codegen/jni/react/renderer/components/rnscreens/EventEmitters.cpp:152:51: warning: '$' in identifier [-Wdollar-in-identifier-extension]
C/C++:     $payload.setProperty(runtime, "dismissCount", $event.dismissCount);
C/C++:                                                   ^
C/C++: /Users/jhoncuervo/Documents/GitHub/AppRecicler/node_modules/react-native-screens/android/build/generated/source/codegen/jni/react/renderer/components/rnscreens/EventEmitters.cpp:153:12: warning: '$' in identifier [-Wdollar-in-identifier-extension]
C/C++:     return $payload;
C/C++:            ^
C/C++: /Users/jhoncuervo/Documents/GitHub/AppRecicler/node_modules/react-native-screens/android/build/generated/source/codegen/jni/react/renderer/components/rnscreens/EventEmitters.cpp:158:55: warning: '$' in identifier [-Wdollar-in-identifier-extension]
C/C++: void RNSScreenEventEmitter::onWillAppear(OnWillAppear $event) const {
C/C++:                                                       ^
C/C++: /Users/jhoncuervo/Documents/GitHub/AppRecicler/node_modules/react-native-screens/android/build/generated/source/codegen/jni/react/renderer/components/rnscreens/EventEmitters.cpp:160:10: warning: '$' in identifier [-Wdollar-in-identifier-extension]
C/C++:     auto $payload = jsi::Object(runtime);
C/C++:          ^
C/C++: /Users/jhoncuervo/Documents/GitHub/AppRecicler/node_modules/react-native-screens/android/build/generated/source/codegen/jni/react/renderer/components/rnscreens/EventEmitters.cpp:162:12: warning: '$' in identifier [-Wdollar-in-identifier-extension]
C/C++:     return $payload;
C/C++:            ^
C/C++: /Users/jhoncuervo/Documents/GitHub/AppRecicler/node_modules/react-native-screens/android/build/generated/source/codegen/jni/react/renderer/components/rnscreens/EventEmitters.cpp:167:61: warning: '$' in identifier [-Wdollar-in-identifier-extension]
C/C++: void RNSScreenEventEmitter::onWillDisappear(OnWillDisappear $event) const {
C/C++:                                                             ^
C/C++: /Users/jhoncuervo/Documents/GitHub/AppRecicler/node_modules/react-native-screens/android/build/generated/source/codegen/jni/react/renderer/components/rnscreens/EventEmitters.cpp:169:10: warning: '$' in identifier [-Wdollar-in-identifier-extension]
C/C++:     auto $payload = jsi::Object(runtime);
C/C++:          ^
C/C++: /Users/jhoncuervo/Documents/GitHub/AppRecicler/node_modules/react-native-screens/android/build/generated/source/codegen/jni/react/renderer/components/rnscreens/EventEmitters.cpp:171:12: warning: '$' in identifier [-Wdollar-in-identifier-extension]
C/C++:     return $payload;
C/C++:            ^
C/C++: /Users/jhoncuervo/Documents/GitHub/AppRecicler/node_modules/react-native-screens/android/build/generated/source/codegen/jni/react/renderer/components/rnscreens/EventEmitters.cpp:176:71: warning: '$' in identifier [-Wdollar-in-identifier-extension]
C/C++: void RNSScreenEventEmitter::onHeaderHeightChange(OnHeaderHeightChange $event) const {
C/C++:                                                                       ^
C/C++: /Users/jhoncuervo/Documents/GitHub/AppRecicler/node_modules/react-native-screens/android/build/generated/source/codegen/jni/react/renderer/components/rnscreens/EventEmitters.cpp:177:40: warning: '$' in identifier [-Wdollar-in-identifier-extension]
C/C++:   dispatchEvent("headerHeightChange", [$event=std::move($event)](jsi::Runtime &runtime) {
C/C++:                                        ^
C/C++: /Users/jhoncuervo/Documents/GitHub/AppRecicler/node_modules/react-native-screens/android/build/generated/source/codegen/jni/react/renderer/components/rnscreens/EventEmitters.cpp:177:57: warning: '$' in identifier [-Wdollar-in-identifier-extension]
C/C++:   dispatchEvent("headerHeightChange", [$event=std::move($event)](jsi::Runtime &runtime) {
C/C++:                                                         ^
C/C++: /Users/jhoncuervo/Documents/GitHub/AppRecicler/node_modules/react-native-screens/android/build/generated/source/codegen/jni/react/renderer/components/rnscreens/EventEmitters.cpp:178:10: warning: '$' in identifier [-Wdollar-in-identifier-extension]
C/C++:     auto $payload = jsi::Object(runtime);
C/C++:          ^
C/C++: /Users/jhoncuervo/Documents/GitHub/AppRecicler/node_modules/react-native-screens/android/build/generated/source/codegen/jni/react/renderer/components/rnscreens/EventEmitters.cpp:179:5: warning: '$' in identifier [-Wdollar-in-identifier-extension]
C/C++:     $payload.setProperty(runtime, "headerHeight", $event.headerHeight);
C/C++:     ^
C/C++: /Users/jhoncuervo/Documents/GitHub/AppRecicler/node_modules/react-native-screens/android/build/generated/source/codegen/jni/react/renderer/components/rnscreens/EventEmitters.cpp:179:51: warning: '$' in identifier [-Wdollar-in-identifier-extension]
C/C++:     $payload.setProperty(runtime, "headerHeight", $event.headerHeight);
C/C++:                                                   ^
C/C++: /Users/jhoncuervo/Documents/GitHub/AppRecicler/node_modules/react-native-screens/android/build/generated/source/codegen/jni/react/renderer/components/rnscreens/EventEmitters.cpp:180:12: warning: '$' in identifier [-Wdollar-in-identifier-extension]
C/C++:     return $payload;
C/C++:            ^
C/C++: /Users/jhoncuervo/Documents/GitHub/AppRecicler/node_modules/react-native-screens/android/build/generated/source/codegen/jni/react/renderer/components/rnscreens/EventEmitters.cpp:185:71: warning: '$' in identifier [-Wdollar-in-identifier-extension]
C/C++: void RNSScreenEventEmitter::onTransitionProgress(OnTransitionProgress $event) const {
C/C++:                                                                       ^
C/C++: /Users/jhoncuervo/Documents/GitHub/AppRecicler/node_modules/react-native-screens/android/build/generated/source/codegen/jni/react/renderer/components/rnscreens/EventEmitters.cpp:186:40: warning: '$' in identifier [-Wdollar-in-identifier-extension]
C/C++:   dispatchEvent("transitionProgress", [$event=std::move($event)](jsi::Runtime &runtime) {
C/C++:                                        ^
C/C++: /Users/jhoncuervo/Documents/GitHub/AppRecicler/node_modules/react-native-screens/android/build/generated/source/codegen/jni/react/renderer/components/rnscreens/EventEmitters.cpp:186:57: warning: '$' in identifier [-Wdollar-in-identifier-extension]
C/C++:   dispatchEvent("transitionProgress", [$event=std::move($event)](jsi::Runtime &runtime) {
C/C++:                                                         ^
C/C++: /Users/jhoncuervo/Documents/GitHub/AppRecicler/node_modules/react-native-screens/android/build/generated/source/codegen/jni/react/renderer/components/rnscreens/EventEmitters.cpp:187:10: warning: '$' in identifier [-Wdollar-in-identifier-extension]
C/C++:     auto $payload = jsi::Object(runtime);
C/C++:          ^
C/C++: /Users/jhoncuervo/Documents/GitHub/AppRecicler/node_modules/react-native-screens/android/build/generated/source/codegen/jni/react/renderer/components/rnscreens/EventEmitters.cpp:188:5: warning: '$' in identifier [-Wdollar-in-identifier-extension]
C/C++:     $payload.setProperty(runtime, "progress", $event.progress);
C/C++:     ^
C/C++: /Users/jhoncuervo/Documents/GitHub/AppRecicler/node_modules/react-native-screens/android/build/generated/source/codegen/jni/react/renderer/components/rnscreens/EventEmitters.cpp:188:47: warning: '$' in identifier [-Wdollar-in-identifier-extension]
C/C++:     $payload.setProperty(runtime, "progress", $event.progress);
C/C++:                                               ^
C/C++: /Users/jhoncuervo/Documents/GitHub/AppRecicler/node_modules/react-native-screens/android/build/generated/source/codegen/jni/react/renderer/components/rnscreens/EventEmitters.cpp:189:1: warning: '$' in identifier [-Wdollar-in-identifier-extension]
C/C++: $payload.setProperty(runtime, "closing", $event.closing);
C/C++: ^
C/C++: /Users/jhoncuervo/Documents/GitHub/AppRecicler/node_modules/react-native-screens/android/build/generated/source/codegen/jni/react/renderer/components/rnscreens/EventEmitters.cpp:189:42: warning: '$' in identifier [-Wdollar-in-identifier-extension]
C/C++: $payload.setProperty(runtime, "closing", $event.closing);
C/C++:                                          ^
C/C++: /Users/jhoncuervo/Documents/GitHub/AppRecicler/node_modules/react-native-screens/android/build/generated/source/codegen/jni/react/renderer/components/rnscreens/EventEmitters.cpp:190:1: warning: '$' in identifier [-Wdollar-in-identifier-extension]
C/C++: $payload.setProperty(runtime, "goingForward", $event.goingForward);
C/C++: ^
C/C++: /Users/jhoncuervo/Documents/GitHub/AppRecicler/node_modules/react-native-screens/android/build/generated/source/codegen/jni/react/renderer/components/rnscreens/EventEmitters.cpp:190:47: warning: '$' in identifier [-Wdollar-in-identifier-extension]
C/C++: $payload.setProperty(runtime, "goingForward", $event.goingForward);
C/C++:                                               ^
C/C++: /Users/jhoncuervo/Documents/GitHub/AppRecicler/node_modules/react-native-screens/android/build/generated/source/codegen/jni/react/renderer/components/rnscreens/EventEmitters.cpp:191:12: warning: '$' in identifier [-Wdollar-in-identifier-extension]
C/C++:     return $payload;
C/C++:            ^
C/C++: /Users/jhoncuervo/Documents/GitHub/AppRecicler/node_modules/react-native-screens/android/build/generated/source/codegen/jni/react/renderer/components/rnscreens/EventEmitters.cpp:196:61: warning: '$' in identifier [-Wdollar-in-identifier-extension]
C/C++: void RNSScreenEventEmitter::onGestureCancel(OnGestureCancel $event) const {
C/C++:                                                             ^
C/C++: /Users/jhoncuervo/Documents/GitHub/AppRecicler/node_modules/react-native-screens/android/build/generated/source/codegen/jni/react/renderer/components/rnscreens/EventEmitters.cpp:198:10: warning: '$' in identifier [-Wdollar-in-identifier-extension]
C/C++:     auto $payload = jsi::Object(runtime);
C/C++:          ^
C/C++: /Users/jhoncuervo/Documents/GitHub/AppRecicler/node_modules/react-native-screens/android/build/generated/source/codegen/jni/react/renderer/components/rnscreens/EventEmitters.cpp:200:12: warning: '$' in identifier [-Wdollar-in-identifier-extension]
C/C++:     return $payload;
C/C++:            ^
C/C++: /Users/jhoncuervo/Documents/GitHub/AppRecicler/node_modules/react-native-screens/android/build/generated/source/codegen/jni/react/renderer/components/rnscreens/EventEmitters.cpp:205:81: warning: '$' in identifier [-Wdollar-in-identifier-extension]
C/C++: void RNSScreenEventEmitter::onHeaderBackButtonClicked(OnHeaderBackButtonClicked $event) const {
C/C++:                                                                                 ^
C/C++: /Users/jhoncuervo/Documents/GitHub/AppRecicler/node_modules/react-native-screens/android/build/generated/source/codegen/jni/react/renderer/components/rnscreens/EventEmitters.cpp:207:10: warning: '$' in identifier [-Wdollar-in-identifier-extension]
C/C++:     auto $payload = jsi::Object(runtime);
C/C++:          ^
C/C++: /Users/jhoncuervo/Documents/GitHub/AppRecicler/node_modules/react-native-screens/android/build/generated/source/codegen/jni/react/renderer/components/rnscreens/EventEmitters.cpp:209:12: warning: '$' in identifier [-Wdollar-in-identifier-extension]
C/C++:     return $payload;
C/C++:            ^
C/C++: /Users/jhoncuervo/Documents/GitHub/AppRecicler/node_modules/react-native-screens/android/build/generated/source/codegen/jni/react/renderer/components/rnscreens/EventEmitters.cpp:214:71: warning: '$' in identifier [-Wdollar-in-identifier-extension]
C/C++: void RNSScreenEventEmitter::onSheetDetentChanged(OnSheetDetentChanged $event) const {
C/C++:                                                                       ^
C/C++: /Users/jhoncuervo/Documents/GitHub/AppRecicler/node_modules/react-native-screens/android/build/generated/source/codegen/jni/react/renderer/components/rnscreens/EventEmitters.cpp:215:40: warning: '$' in identifier [-Wdollar-in-identifier-extension]
C/C++:   dispatchEvent("sheetDetentChanged", [$event=std::move($event)](jsi::Runtime &runtime) {
C/C++:                                        ^
C/C++: /Users/jhoncuervo/Documents/GitHub/AppRecicler/node_modules/react-native-screens/android/build/generated/source/codegen/jni/react/renderer/components/rnscreens/EventEmitters.cpp:215:57: warning: '$' in identifier [-Wdollar-in-identifier-extension]
C/C++:   dispatchEvent("sheetDetentChanged", [$event=std::move($event)](jsi::Runtime &runtime) {
C/C++:                                                         ^
C/C++: /Users/jhoncuervo/Documents/GitHub/AppRecicler/node_modules/react-native-screens/android/build/generated/source/codegen/jni/react/renderer/components/rnscreens/EventEmitters.cpp:216:10: warning: '$' in identifier [-Wdollar-in-identifier-extension]
C/C++:     auto $payload = jsi::Object(runtime);
C/C++:          ^
C/C++: /Users/jhoncuervo/Documents/GitHub/AppRecicler/node_modules/react-native-screens/android/build/generated/source/codegen/jni/react/renderer/components/rnscreens/EventEmitters.cpp:217:5: warning: '$' in identifier [-Wdollar-in-identifier-extension]
C/C++:     $payload.setProperty(runtime, "index", $event.index);
C/C++:     ^
C/C++: /Users/jhoncuervo/Documents/GitHub/AppRecicler/node_modules/react-native-screens/android/build/generated/source/codegen/jni/react/renderer/components/rnscreens/EventEmitters.cpp:217:44: warning: '$' in identifier [-Wdollar-in-identifier-extension]
C/C++:     $payload.setProperty(runtime, "index", $event.index);
C/C++:                                            ^
C/C++: /Users/jhoncuervo/Documents/GitHub/AppRecicler/node_modules/react-native-screens/android/build/generated/source/codegen/jni/react/renderer/components/rnscreens/EventEmitters.cpp:218:1: warning: '$' in identifier [-Wdollar-in-identifier-extension]
C/C++: $payload.setProperty(runtime, "isStable", $event.isStable);
C/C++: ^
C/C++: /Users/jhoncuervo/Documents/GitHub/AppRecicler/node_modules/react-native-screens/android/build/generated/source/codegen/jni/react/renderer/components/rnscreens/EventEmitters.cpp:218:43: warning: '$' in identifier [-Wdollar-in-identifier-extension]
C/C++: $payload.setProperty(runtime, "isStable", $event.isStable);
C/C++:                                           ^
C/C++: /Users/jhoncuervo/Documents/GitHub/AppRecicler/node_modules/react-native-screens/android/build/generated/source/codegen/jni/react/renderer/components/rnscreens/EventEmitters.cpp:219:12: warning: '$' in identifier [-Wdollar-in-identifier-extension]
C/C++:     return $payload;
C/C++:            ^
C/C++: /Users/jhoncuervo/Documents/GitHub/AppRecicler/node_modules/react-native-screens/android/build/generated/source/codegen/jni/react/renderer/components/rnscreens/EventEmitters.cpp:225:68: warning: '$' in identifier [-Wdollar-in-identifier-extension]
C/C++: void RNSScreenStackHeaderConfigEventEmitter::onAttached(OnAttached $event) const {
C/C++:                                                                    ^
C/C++: /Users/jhoncuervo/Documents/GitHub/AppRecicler/node_modules/react-native-screens/android/build/generated/source/codegen/jni/react/renderer/components/rnscreens/EventEmitters.cpp:227:10: warning: '$' in identifier [-Wdollar-in-identifier-extension]
C/C++:     auto $payload = jsi::Object(runtime);
C/C++:          ^
C/C++: /Users/jhoncuervo/Documents/GitHub/AppRecicler/node_modules/react-native-screens/android/build/generated/source/codegen/jni/react/renderer/components/rnscreens/EventEmitters.cpp:229:12: warning: '$' in identifier [-Wdollar-in-identifier-extension]
C/C++:     return $payload;
C/C++:            ^
C/C++: /Users/jhoncuervo/Documents/GitHub/AppRecicler/node_modules/react-native-screens/android/build/generated/source/codegen/jni/react/renderer/components/rnscreens/EventEmitters.cpp:234:68: warning: '$' in identifier [-Wdollar-in-identifier-extension]
C/C++: void RNSScreenStackHeaderConfigEventEmitter::onDetached(OnDetached $event) const {
C/C++:                                                                    ^
C/C++: /Users/jhoncuervo/Documents/GitHub/AppRecicler/node_modules/react-native-screens/android/build/generated/source/codegen/jni/react/renderer/components/rnscreens/EventEmitters.cpp:236:10: warning: '$' in identifier [-Wdollar-in-identifier-extension]
C/C++:     auto $payload = jsi::Object(runtime);
C/C++:          ^
C/C++: /Users/jhoncuervo/Documents/GitHub/AppRecicler/node_modules/react-native-screens/android/build/generated/source/codegen/jni/react/renderer/components/rnscreens/EventEmitters.cpp:238:12: warning: '$' in identifier [-Wdollar-in-identifier-extension]
C/C++:     return $payload;
C/C++:            ^
C/C++: /Users/jhoncuervo/Documents/GitHub/AppRecicler/node_modules/react-native-screens/android/build/generated/source/codegen/jni/react/renderer/components/rnscreens/EventEmitters.cpp:244:78: warning: '$' in identifier [-Wdollar-in-identifier-extension]
C/C++: void RNSScreenStackEventEmitter::onFinishTransitioning(OnFinishTransitioning $event) const {
C/C++:                                                                              ^
C/C++: /Users/jhoncuervo/Documents/GitHub/AppRecicler/node_modules/react-native-screens/android/build/generated/source/codegen/jni/react/renderer/components/rnscreens/EventEmitters.cpp:246:10: warning: '$' in identifier [-Wdollar-in-identifier-extension]
C/C++:     auto $payload = jsi::Object(runtime);
C/C++:          ^
C/C++: /Users/jhoncuervo/Documents/GitHub/AppRecicler/node_modules/react-native-screens/android/build/generated/source/codegen/jni/react/renderer/components/rnscreens/EventEmitters.cpp:248:12: warning: '$' in identifier [-Wdollar-in-identifier-extension]
C/C++:     return $payload;
C/C++:            ^
C/C++: /Users/jhoncuervo/Documents/GitHub/AppRecicler/node_modules/react-native-screens/android/build/generated/source/codegen/jni/react/renderer/components/rnscreens/EventEmitters.cpp:253:60: warning: '$' in identifier [-Wdollar-in-identifier-extension]
C/C++: void RNSSearchBarEventEmitter::onSearchFocus(OnSearchFocus $event) const {
C/C++:                                                            ^
C/C++: /Users/jhoncuervo/Documents/GitHub/AppRecicler/node_modules/react-native-screens/android/build/generated/source/codegen/jni/react/renderer/components/rnscreens/EventEmitters.cpp:255:10: warning: '$' in identifier [-Wdollar-in-identifier-extension]
C/C++:     auto $payload = jsi::Object(runtime);
C/C++:          ^
C/C++: /Users/jhoncuervo/Documents/GitHub/AppRecicler/node_modules/react-native-screens/android/build/generated/source/codegen/jni/react/renderer/components/rnscreens/EventEmitters.cpp:257:12: warning: '$' in identifier [-Wdollar-in-identifier-extension]
C/C++:     return $payload;
C/C++:            ^
C/C++: /Users/jhoncuervo/Documents/GitHub/AppRecicler/node_modules/react-native-screens/android/build/generated/source/codegen/jni/react/renderer/components/rnscreens/EventEmitters.cpp:262:58: warning: '$' in identifier [-Wdollar-in-identifier-extension]
C/C++: void RNSSearchBarEventEmitter::onSearchBlur(OnSearchBlur $event) const {
C/C++:                                                          ^
C/C++: /Users/jhoncuervo/Documents/GitHub/AppRecicler/node_modules/react-native-screens/android/build/generated/source/codegen/jni/react/renderer/components/rnscreens/EventEmitters.cpp:264:10: warning: '$' in identifier [-Wdollar-in-identifier-extension]
C/C++:     auto $payload = jsi::Object(runtime);
C/C++:          ^
C/C++: /Users/jhoncuervo/Documents/GitHub/AppRecicler/node_modules/react-native-screens/android/build/generated/source/codegen/jni/react/renderer/components/rnscreens/EventEmitters.cpp:266:12: warning: '$' in identifier [-Wdollar-in-identifier-extension]
C/C++:     return $payload;
C/C++:            ^
C/C++: /Users/jhoncuervo/Documents/GitHub/AppRecicler/node_modules/react-native-screens/android/build/generated/source/codegen/jni/react/renderer/components/rnscreens/EventEmitters.cpp:271:72: warning: '$' in identifier [-Wdollar-in-identifier-extension]
C/C++: void RNSSearchBarEventEmitter::onSearchButtonPress(OnSearchButtonPress $event) const {
C/C++:                                                                        ^
C/C++: /Users/jhoncuervo/Documents/GitHub/AppRecicler/node_modules/react-native-screens/android/build/generated/source/codegen/jni/react/renderer/components/rnscreens/EventEmitters.cpp:272:39: warning: '$' in identifier [-Wdollar-in-identifier-extension]
C/C++:   dispatchEvent("searchButtonPress", [$event=std::move($event)](jsi::Runtime &runtime) {
C/C++:                                       ^
C/C++: /Users/jhoncuervo/Documents/GitHub/AppRecicler/node_modules/react-native-screens/android/build/generated/source/codegen/jni/react/renderer/components/rnscreens/EventEmitters.cpp:272:56: warning: '$' in identifier [-Wdollar-in-identifier-extension]
C/C++:   dispatchEvent("searchButtonPress", [$event=std::move($event)](jsi::Runtime &runtime) {
C/C++:                                                        ^
C/C++: /Users/jhoncuervo/Documents/GitHub/AppRecicler/node_modules/react-native-screens/android/build/generated/source/codegen/jni/react/renderer/components/rnscreens/EventEmitters.cpp:273:10: warning: '$' in identifier [-Wdollar-in-identifier-extension]
C/C++:     auto $payload = jsi::Object(runtime);
C/C++:          ^
C/C++: /Users/jhoncuervo/Documents/GitHub/AppRecicler/node_modules/react-native-screens/android/build/generated/source/codegen/jni/react/renderer/components/rnscreens/EventEmitters.cpp:274:5: warning: '$' in identifier [-Wdollar-in-identifier-extension]
C/C++:     $payload.setProperty(runtime, "text", $event.text);
C/C++:     ^
C/C++: /Users/jhoncuervo/Documents/GitHub/AppRecicler/node_modules/react-native-screens/android/build/generated/source/codegen/jni/react/renderer/components/rnscreens/EventEmitters.cpp:274:43: warning: '$' in identifier [-Wdollar-in-identifier-extension]
C/C++:     $payload.setProperty(runtime, "text", $event.text);
C/C++:                                           ^
C/C++: /Users/jhoncuervo/Documents/GitHub/AppRecicler/node_modules/react-native-screens/android/build/generated/source/codegen/jni/react/renderer/components/rnscreens/EventEmitters.cpp:275:12: warning: '$' in identifier [-Wdollar-in-identifier-extension]
C/C++:     return $payload;
C/C++:            ^
C/C++: /Users/jhoncuervo/Documents/GitHub/AppRecicler/node_modules/react-native-screens/android/build/generated/source/codegen/jni/react/renderer/components/rnscreens/EventEmitters.cpp:280:72: warning: '$' in identifier [-Wdollar-in-identifier-extension]
C/C++: void RNSSearchBarEventEmitter::onCancelButtonPress(OnCancelButtonPress $event) const {
C/C++:                                                                        ^
C/C++: /Users/jhoncuervo/Documents/GitHub/AppRecicler/node_modules/react-native-screens/android/build/generated/source/codegen/jni/react/renderer/components/rnscreens/EventEmitters.cpp:282:10: warning: '$' in identifier [-Wdollar-in-identifier-extension]
C/C++:     auto $payload = jsi::Object(runtime);
C/C++:          ^
C/C++: /Users/jhoncuervo/Documents/GitHub/AppRecicler/node_modules/react-native-screens/android/build/generated/source/codegen/jni/react/renderer/components/rnscreens/EventEmitters.cpp:284:12: warning: '$' in identifier [-Wdollar-in-identifier-extension]
C/C++:     return $payload;
C/C++:            ^
C/C++: /Users/jhoncuervo/Documents/GitHub/AppRecicler/node_modules/react-native-screens/android/build/generated/source/codegen/jni/react/renderer/components/rnscreens/EventEmitters.cpp:289:58: warning: '$' in identifier [-Wdollar-in-identifier-extension]
C/C++: void RNSSearchBarEventEmitter::onChangeText(OnChangeText $event) const {
C/C++:                                                          ^
C/C++: /Users/jhoncuervo/Documents/GitHub/AppRecicler/node_modules/react-native-screens/android/build/generated/source/codegen/jni/react/renderer/components/rnscreens/EventEmitters.cpp:290:32: warning: '$' in identifier [-Wdollar-in-identifier-extension]
C/C++:   dispatchEvent("changeText", [$event=std::move($event)](jsi::Runtime &runtime) {
C/C++:                                ^
C/C++: /Users/jhoncuervo/Documents/GitHub/AppRecicler/node_modules/react-native-screens/android/build/generated/source/codegen/jni/react/renderer/components/rnscreens/EventEmitters.cpp:290:49: warning: '$' in identifier [-Wdollar-in-identifier-extension]
C/C++:   dispatchEvent("changeText", [$event=std::move($event)](jsi::Runtime &runtime) {
C/C++:                                                 ^
C/C++: /Users/jhoncuervo/Documents/GitHub/AppRecicler/node_modules/react-native-screens/android/build/generated/source/codegen/jni/react/renderer/components/rnscreens/EventEmitters.cpp:291:10: warning: '$' in identifier [-Wdollar-in-identifier-extension]
C/C++:     auto $payload = jsi::Object(runtime);
C/C++:          ^
C/C++: /Users/jhoncuervo/Documents/GitHub/AppRecicler/node_modules/react-native-screens/android/build/generated/source/codegen/jni/react/renderer/components/rnscreens/EventEmitters.cpp:292:5: warning: '$' in identifier [-Wdollar-in-identifier-extension]
C/C++:     $payload.setProperty(runtime, "text", $event.text);
C/C++:     ^
C/C++: /Users/jhoncuervo/Documents/GitHub/AppRecicler/node_modules/react-native-screens/android/build/generated/source/codegen/jni/react/renderer/components/rnscreens/EventEmitters.cpp:292:43: warning: '$' in identifier [-Wdollar-in-identifier-extension]
C/C++:     $payload.setProperty(runtime, "text", $event.text);
C/C++:                                           ^
C/C++: /Users/jhoncuervo/Documents/GitHub/AppRecicler/node_modules/react-native-screens/android/build/generated/source/codegen/jni/react/renderer/components/rnscreens/EventEmitters.cpp:293:12: warning: '$' in identifier [-Wdollar-in-identifier-extension]
C/C++:     return $payload;
C/C++:            ^
C/C++: /Users/jhoncuervo/Documents/GitHub/AppRecicler/node_modules/react-native-screens/android/build/generated/source/codegen/jni/react/renderer/components/rnscreens/EventEmitters.cpp:298:48: warning: '$' in identifier [-Wdollar-in-identifier-extension]
C/C++: void RNSSearchBarEventEmitter::onClose(OnClose $event) const {
C/C++:                                                ^
C/C++: /Users/jhoncuervo/Documents/GitHub/AppRecicler/node_modules/react-native-screens/android/build/generated/source/codegen/jni/react/renderer/components/rnscreens/EventEmitters.cpp:300:10: warning: '$' in identifier [-Wdollar-in-identifier-extension]
C/C++:     auto $payload = jsi::Object(runtime);
C/C++:          ^
C/C++: /Users/jhoncuervo/Documents/GitHub/AppRecicler/node_modules/react-native-screens/android/build/generated/source/codegen/jni/react/renderer/components/rnscreens/EventEmitters.cpp:302:12: warning: '$' in identifier [-Wdollar-in-identifier-extension]
C/C++:     return $payload;
C/C++:            ^
C/C++: /Users/jhoncuervo/Documents/GitHub/AppRecicler/node_modules/react-native-screens/android/build/generated/source/codegen/jni/react/renderer/components/rnscreens/EventEmitters.cpp:307:46: warning: '$' in identifier [-Wdollar-in-identifier-extension]
C/C++: void RNSSearchBarEventEmitter::onOpen(OnOpen $event) const {
C/C++:                                              ^
C/C++: /Users/jhoncuervo/Documents/GitHub/AppRecicler/node_modules/react-native-screens/android/build/generated/source/codegen/jni/react/renderer/components/rnscreens/EventEmitters.cpp:309:10: warning: '$' in identifier [-Wdollar-in-identifier-extension]
C/C++:     auto $payload = jsi::Object(runtime);
C/C++:          ^
C/C++: /Users/jhoncuervo/Documents/GitHub/AppRecicler/node_modules/react-native-screens/android/build/generated/source/codegen/jni/react/renderer/components/rnscreens/EventEmitters.cpp:311:12: warning: '$' in identifier [-Wdollar-in-identifier-extension]
C/C++:     return $payload;
C/C++:            ^
C/C++: 156 warnings generated.

> Task :app:configureCMakeDebug[x86_64]

> Task :app:buildCMakeDebug[x86_64]
C/C++: ninja: Entering directory `/Users/jhoncuervo/Documents/GitHub/AppRecicler/android/app/.cxx/Debug/e3w3pw4m/x86_64'
C/C++: /Users/jhoncuervo/Documents/GitHub/AppRecicler/node_modules/react-native-safe-area-context/android/build/generated/source/codegen/jni/react/renderer/components/safeareacontext/EventEmitters.cpp:16:69: warning: '$' in identifier [-Wdollar-in-identifier-extension]
C/C++: void RNCSafeAreaProviderEventEmitter::onInsetsChange(OnInsetsChange $event) const {
C/C++:                                                                     ^
C/C++: /Users/jhoncuervo/Documents/GitHub/AppRecicler/node_modules/react-native-safe-area-context/android/build/generated/source/codegen/jni/react/renderer/components/safeareacontext/EventEmitters.cpp:17:34: warning: '$' in identifier [-Wdollar-in-identifier-extension]
C/C++:   dispatchEvent("insetsChange", [$event=std::move($event)](jsi::Runtime &runtime) {
C/C++:                                  ^
C/C++: /Users/jhoncuervo/Documents/GitHub/AppRecicler/node_modules/react-native-safe-area-context/android/build/generated/source/codegen/jni/react/renderer/components/safeareacontext/EventEmitters.cpp:17:51: warning: '$' in identifier [-Wdollar-in-identifier-extension]
C/C++:   dispatchEvent("insetsChange", [$event=std::move($event)](jsi::Runtime &runtime) {
C/C++:                                                   ^
C/C++: /Users/jhoncuervo/Documents/GitHub/AppRecicler/node_modules/react-native-safe-area-context/android/build/generated/source/codegen/jni/react/renderer/components/safeareacontext/EventEmitters.cpp:18:10: warning: '$' in identifier [-Wdollar-in-identifier-extension]
C/C++:     auto $payload = jsi::Object(runtime);
C/C++:          ^
C/C++: /Users/jhoncuervo/Documents/GitHub/AppRecicler/node_modules/react-native-safe-area-context/android/build/generated/source/codegen/jni/react/renderer/components/safeareacontext/EventEmitters.cpp:21:38: warning: '$' in identifier [-Wdollar-in-identifier-extension]
C/C++:   insets.setProperty(runtime, "top", $event.insets.top);
C/C++:                                      ^
C/C++: /Users/jhoncuervo/Documents/GitHub/AppRecicler/node_modules/react-native-safe-area-context/android/build/generated/source/codegen/jni/react/renderer/components/safeareacontext/EventEmitters.cpp:22:40: warning: '$' in identifier [-Wdollar-in-identifier-extension]
C/C++:   insets.setProperty(runtime, "right", $event.insets.right);
C/C++:                                        ^
C/C++: /Users/jhoncuervo/Documents/GitHub/AppRecicler/node_modules/react-native-safe-area-context/android/build/generated/source/codegen/jni/react/renderer/components/safeareacontext/EventEmitters.cpp:23:41: warning: '$' in identifier [-Wdollar-in-identifier-extension]
C/C++:   insets.setProperty(runtime, "bottom", $event.insets.bottom);
C/C++:                                         ^
C/C++: /Users/jhoncuervo/Documents/GitHub/AppRecicler/node_modules/react-native-safe-area-context/android/build/generated/source/codegen/jni/react/renderer/components/safeareacontext/EventEmitters.cpp:24:39: warning: '$' in identifier [-Wdollar-in-identifier-extension]
C/C++:   insets.setProperty(runtime, "left", $event.insets.left);
C/C++:                                       ^
C/C++: /Users/jhoncuervo/Documents/GitHub/AppRecicler/node_modules/react-native-safe-area-context/android/build/generated/source/codegen/jni/react/renderer/components/safeareacontext/EventEmitters.cpp:25:3: warning: '$' in identifier [-Wdollar-in-identifier-extension]
C/C++:   $payload.setProperty(runtime, "insets", insets);
C/C++:   ^
C/C++: /Users/jhoncuervo/Documents/GitHub/AppRecicler/node_modules/react-native-safe-area-context/android/build/generated/source/codegen/jni/react/renderer/components/safeareacontext/EventEmitters.cpp:29:35: warning: '$' in identifier [-Wdollar-in-identifier-extension]
C/C++:   frame.setProperty(runtime, "x", $event.frame.x);
C/C++:                                   ^
C/C++: /Users/jhoncuervo/Documents/GitHub/AppRecicler/node_modules/react-native-safe-area-context/android/build/generated/source/codegen/jni/react/renderer/components/safeareacontext/EventEmitters.cpp:30:35: warning: '$' in identifier [-Wdollar-in-identifier-extension]
C/C++:   frame.setProperty(runtime, "y", $event.frame.y);
C/C++:                                   ^
C/C++: /Users/jhoncuervo/Documents/GitHub/AppRecicler/node_modules/react-native-safe-area-context/android/build/generated/source/codegen/jni/react/renderer/components/safeareacontext/EventEmitters.cpp:31:39: warning: '$' in identifier [-Wdollar-in-identifier-extension]
C/C++:   frame.setProperty(runtime, "width", $event.frame.width);
C/C++:                                       ^
C/C++: /Users/jhoncuervo/Documents/GitHub/AppRecicler/node_modules/react-native-safe-area-context/android/build/generated/source/codegen/jni/react/renderer/components/safeareacontext/EventEmitters.cpp:32:40: warning: '$' in identifier [-Wdollar-in-identifier-extension]
C/C++:   frame.setProperty(runtime, "height", $event.frame.height);
C/C++:                                        ^
C/C++: /Users/jhoncuervo/Documents/GitHub/AppRecicler/node_modules/react-native-safe-area-context/android/build/generated/source/codegen/jni/react/renderer/components/safeareacontext/EventEmitters.cpp:33:3: warning: '$' in identifier [-Wdollar-in-identifier-extension]
C/C++:   $payload.setProperty(runtime, "frame", frame);
C/C++:   ^
C/C++: /Users/jhoncuervo/Documents/GitHub/AppRecicler/node_modules/react-native-safe-area-context/android/build/generated/source/codegen/jni/react/renderer/components/safeareacontext/EventEmitters.cpp:35:12: warning: '$' in identifier [-Wdollar-in-identifier-extension]
C/C++:     return $payload;
C/C++:            ^
C/C++: 15 warnings generated.
C/C++: /Users/jhoncuervo/Documents/GitHub/AppRecicler/node_modules/react-native-screens/android/build/generated/source/codegen/jni/react/renderer/components/rnscreens/EventEmitters.cpp:17:52: warning: '$' in identifier [-Wdollar-in-identifier-extension]
C/C++: void RNSModalScreenEventEmitter::onAppear(OnAppear $event) const {
C/C++:                                                    ^
C/C++: /Users/jhoncuervo/Documents/GitHub/AppRecicler/node_modules/react-native-screens/android/build/generated/source/codegen/jni/react/renderer/components/rnscreens/EventEmitters.cpp:19:10: warning: '$' in identifier [-Wdollar-in-identifier-extension]
C/C++:     auto $payload = jsi::Object(runtime);
C/C++:          ^
C/C++: /Users/jhoncuervo/Documents/GitHub/AppRecicler/node_modules/react-native-screens/android/build/generated/source/codegen/jni/react/renderer/components/rnscreens/EventEmitters.cpp:21:12: warning: '$' in identifier [-Wdollar-in-identifier-extension]
C/C++:     return $payload;
C/C++:            ^
C/C++: /Users/jhoncuervo/Documents/GitHub/AppRecicler/node_modules/react-native-screens/android/build/generated/source/codegen/jni/react/renderer/components/rnscreens/EventEmitters.cpp:26:58: warning: '$' in identifier [-Wdollar-in-identifier-extension]
C/C++: void RNSModalScreenEventEmitter::onDisappear(OnDisappear $event) const {
C/C++:                                                          ^
C/C++: /Users/jhoncuervo/Documents/GitHub/AppRecicler/node_modules/react-native-screens/android/build/generated/source/codegen/jni/react/renderer/components/rnscreens/EventEmitters.cpp:28:10: warning: '$' in identifier [-Wdollar-in-identifier-extension]
C/C++:     auto $payload = jsi::Object(runtime);
C/C++:          ^
C/C++: /Users/jhoncuervo/Documents/GitHub/AppRecicler/node_modules/react-native-screens/android/build/generated/source/codegen/jni/react/renderer/components/rnscreens/EventEmitters.cpp:30:12: warning: '$' in identifier [-Wdollar-in-identifier-extension]
C/C++:     return $payload;
C/C++:            ^
C/C++: /Users/jhoncuervo/Documents/GitHub/AppRecicler/node_modules/react-native-screens/android/build/generated/source/codegen/jni/react/renderer/components/rnscreens/EventEmitters.cpp:35:58: warning: '$' in identifier [-Wdollar-in-identifier-extension]
C/C++: void RNSModalScreenEventEmitter::onDismissed(OnDismissed $event) const {
C/C++:                                                          ^
C/C++: /Users/jhoncuervo/Documents/GitHub/AppRecicler/node_modules/react-native-screens/android/build/generated/source/codegen/jni/react/renderer/components/rnscreens/EventEmitters.cpp:36:31: warning: '$' in identifier [-Wdollar-in-identifier-extension]
C/C++:   dispatchEvent("dismissed", [$event=std::move($event)](jsi::Runtime &runtime) {
C/C++:                               ^
C/C++: /Users/jhoncuervo/Documents/GitHub/AppRecicler/node_modules/react-native-screens/android/build/generated/source/codegen/jni/react/renderer/components/rnscreens/EventEmitters.cpp:36:48: warning: '$' in identifier [-Wdollar-in-identifier-extension]
C/C++:   dispatchEvent("dismissed", [$event=std::move($event)](jsi::Runtime &runtime) {
C/C++:                                                ^
C/C++: /Users/jhoncuervo/Documents/GitHub/AppRecicler/node_modules/react-native-screens/android/build/generated/source/codegen/jni/react/renderer/components/rnscreens/EventEmitters.cpp:37:10: warning: '$' in identifier [-Wdollar-in-identifier-extension]
C/C++:     auto $payload = jsi::Object(runtime);
C/C++:          ^
C/C++: /Users/jhoncuervo/Documents/GitHub/AppRecicler/node_modules/react-native-screens/android/build/generated/source/codegen/jni/react/renderer/components/rnscreens/EventEmitters.cpp:38:5: warning: '$' in identifier [-Wdollar-in-identifier-extension]
C/C++:     $payload.setProperty(runtime, "dismissCount", $event.dismissCount);
C/C++:     ^
C/C++: /Users/jhoncuervo/Documents/GitHub/AppRecicler/node_modules/react-native-screens/android/build/generated/source/codegen/jni/react/renderer/components/rnscreens/EventEmitters.cpp:38:51: warning: '$' in identifier [-Wdollar-in-identifier-extension]
C/C++:     $payload.setProperty(runtime, "dismissCount", $event.dismissCount);
C/C++:                                                   ^
C/C++: /Users/jhoncuervo/Documents/GitHub/AppRecicler/node_modules/react-native-screens/android/build/generated/source/codegen/jni/react/renderer/components/rnscreens/EventEmitters.cpp:39:12: warning: '$' in identifier [-Wdollar-in-identifier-extension]
C/C++:     return $payload;
C/C++:            ^
C/C++: /Users/jhoncuervo/Documents/GitHub/AppRecicler/node_modules/react-native-screens/android/build/generated/source/codegen/jni/react/renderer/components/rnscreens/EventEmitters.cpp:44:84: warning: '$' in identifier [-Wdollar-in-identifier-extension]
C/C++: void RNSModalScreenEventEmitter::onNativeDismissCancelled(OnNativeDismissCancelled $event) const {
C/C++:                                                                                    ^
C/C++: /Users/jhoncuervo/Documents/GitHub/AppRecicler/node_modules/react-native-screens/android/build/generated/source/codegen/jni/react/renderer/components/rnscreens/EventEmitters.cpp:45:44: warning: '$' in identifier [-Wdollar-in-identifier-extension]
C/C++:   dispatchEvent("nativeDismissCancelled", [$event=std::move($event)](jsi::Runtime &runtime) {
C/C++:                                            ^
C/C++: /Users/jhoncuervo/Documents/GitHub/AppRecicler/node_modules/react-native-screens/android/build/generated/source/codegen/jni/react/renderer/components/rnscreens/EventEmitters.cpp:45:61: warning: '$' in identifier [-Wdollar-in-identifier-extension]
C/C++:   dispatchEvent("nativeDismissCancelled", [$event=std::move($event)](jsi::Runtime &runtime) {
C/C++:                                                             ^
C/C++: /Users/jhoncuervo/Documents/GitHub/AppRecicler/node_modules/react-native-screens/android/build/generated/source/codegen/jni/react/renderer/components/rnscreens/EventEmitters.cpp:46:10: warning: '$' in identifier [-Wdollar-in-identifier-extension]
C/C++:     auto $payload = jsi::Object(runtime);
C/C++:          ^
C/C++: /Users/jhoncuervo/Documents/GitHub/AppRecicler/node_modules/react-native-screens/android/build/generated/source/codegen/jni/react/renderer/components/rnscreens/EventEmitters.cpp:47:5: warning: '$' in identifier [-Wdollar-in-identifier-extension]
C/C++:     $payload.setProperty(runtime, "dismissCount", $event.dismissCount);
C/C++:     ^
C/C++: /Users/jhoncuervo/Documents/GitHub/AppRecicler/node_modules/react-native-screens/android/build/generated/source/codegen/jni/react/renderer/components/rnscreens/EventEmitters.cpp:47:51: warning: '$' in identifier [-Wdollar-in-identifier-extension]
C/C++:     $payload.setProperty(runtime, "dismissCount", $event.dismissCount);
C/C++:                                                   ^
C/C++: /Users/jhoncuervo/Documents/GitHub/AppRecicler/node_modules/react-native-screens/android/build/generated/source/codegen/jni/react/renderer/components/rnscreens/EventEmitters.cpp:48:12: warning: '$' in identifier [-Wdollar-in-identifier-extension]
C/C++:     return $payload;
C/C++:            ^
C/C++: /Users/jhoncuervo/Documents/GitHub/AppRecicler/node_modules/react-native-screens/android/build/generated/source/codegen/jni/react/renderer/components/rnscreens/EventEmitters.cpp:53:60: warning: '$' in identifier [-Wdollar-in-identifier-extension]
C/C++: void RNSModalScreenEventEmitter::onWillAppear(OnWillAppear $event) const {
C/C++:                                                            ^
C/C++: /Users/jhoncuervo/Documents/GitHub/AppRecicler/node_modules/react-native-screens/android/build/generated/source/codegen/jni/react/renderer/components/rnscreens/EventEmitters.cpp:55:10: warning: '$' in identifier [-Wdollar-in-identifier-extension]
C/C++:     auto $payload = jsi::Object(runtime);
C/C++:          ^
C/C++: /Users/jhoncuervo/Documents/GitHub/AppRecicler/node_modules/react-native-screens/android/build/generated/source/codegen/jni/react/renderer/components/rnscreens/EventEmitters.cpp:57:12: warning: '$' in identifier [-Wdollar-in-identifier-extension]
C/C++:     return $payload;
C/C++:            ^
C/C++: /Users/jhoncuervo/Documents/GitHub/AppRecicler/node_modules/react-native-screens/android/build/generated/source/codegen/jni/react/renderer/components/rnscreens/EventEmitters.cpp:62:66: warning: '$' in identifier [-Wdollar-in-identifier-extension]
C/C++: void RNSModalScreenEventEmitter::onWillDisappear(OnWillDisappear $event) const {
C/C++:                                                                  ^
C/C++: /Users/jhoncuervo/Documents/GitHub/AppRecicler/node_modules/react-native-screens/android/build/generated/source/codegen/jni/react/renderer/components/rnscreens/EventEmitters.cpp:64:10: warning: '$' in identifier [-Wdollar-in-identifier-extension]
C/C++:     auto $payload = jsi::Object(runtime);
C/C++:          ^
C/C++: /Users/jhoncuervo/Documents/GitHub/AppRecicler/node_modules/react-native-screens/android/build/generated/source/codegen/jni/react/renderer/components/rnscreens/EventEmitters.cpp:66:12: warning: '$' in identifier [-Wdollar-in-identifier-extension]
C/C++:     return $payload;
C/C++:            ^
C/C++: /Users/jhoncuervo/Documents/GitHub/AppRecicler/node_modules/react-native-screens/android/build/generated/source/codegen/jni/react/renderer/components/rnscreens/EventEmitters.cpp:71:76: warning: '$' in identifier [-Wdollar-in-identifier-extension]
C/C++: void RNSModalScreenEventEmitter::onHeaderHeightChange(OnHeaderHeightChange $event) const {
C/C++:                                                                            ^
C/C++: /Users/jhoncuervo/Documents/GitHub/AppRecicler/node_modules/react-native-screens/android/build/generated/source/codegen/jni/react/renderer/components/rnscreens/EventEmitters.cpp:72:40: warning: '$' in identifier [-Wdollar-in-identifier-extension]
C/C++:   dispatchEvent("headerHeightChange", [$event=std::move($event)](jsi::Runtime &runtime) {
C/C++:                                        ^
C/C++: /Users/jhoncuervo/Documents/GitHub/AppRecicler/node_modules/react-native-screens/android/build/generated/source/codegen/jni/react/renderer/components/rnscreens/EventEmitters.cpp:72:57: warning: '$' in identifier [-Wdollar-in-identifier-extension]
C/C++:   dispatchEvent("headerHeightChange", [$event=std::move($event)](jsi::Runtime &runtime) {
C/C++:                                                         ^
C/C++: /Users/jhoncuervo/Documents/GitHub/AppRecicler/node_modules/react-native-screens/android/build/generated/source/codegen/jni/react/renderer/components/rnscreens/EventEmitters.cpp:73:10: warning: '$' in identifier [-Wdollar-in-identifier-extension]
C/C++:     auto $payload = jsi::Object(runtime);
C/C++:          ^
C/C++: /Users/jhoncuervo/Documents/GitHub/AppRecicler/node_modules/react-native-screens/android/build/generated/source/codegen/jni/react/renderer/components/rnscreens/EventEmitters.cpp:74:5: warning: '$' in identifier [-Wdollar-in-identifier-extension]
C/C++:     $payload.setProperty(runtime, "headerHeight", $event.headerHeight);
C/C++:     ^
C/C++: /Users/jhoncuervo/Documents/GitHub/AppRecicler/node_modules/react-native-screens/android/build/generated/source/codegen/jni/react/renderer/components/rnscreens/EventEmitters.cpp:74:51: warning: '$' in identifier [-Wdollar-in-identifier-extension]
C/C++:     $payload.setProperty(runtime, "headerHeight", $event.headerHeight);
C/C++:                                                   ^
C/C++: /Users/jhoncuervo/Documents/GitHub/AppRecicler/node_modules/react-native-screens/android/build/generated/source/codegen/jni/react/renderer/components/rnscreens/EventEmitters.cpp:75:12: warning: '$' in identifier [-Wdollar-in-identifier-extension]
C/C++:     return $payload;
C/C++:            ^
C/C++: /Users/jhoncuervo/Documents/GitHub/AppRecicler/node_modules/react-native-screens/android/build/generated/source/codegen/jni/react/renderer/components/rnscreens/EventEmitters.cpp:80:76: warning: '$' in identifier [-Wdollar-in-identifier-extension]
C/C++: void RNSModalScreenEventEmitter::onTransitionProgress(OnTransitionProgress $event) const {
C/C++:                                                                            ^
C/C++: /Users/jhoncuervo/Documents/GitHub/AppRecicler/node_modules/react-native-screens/android/build/generated/source/codegen/jni/react/renderer/components/rnscreens/EventEmitters.cpp:81:40: warning: '$' in identifier [-Wdollar-in-identifier-extension]
C/C++:   dispatchEvent("transitionProgress", [$event=std::move($event)](jsi::Runtime &runtime) {
C/C++:                                        ^
C/C++: /Users/jhoncuervo/Documents/GitHub/AppRecicler/node_modules/react-native-screens/android/build/generated/source/codegen/jni/react/renderer/components/rnscreens/EventEmitters.cpp:81:57: warning: '$' in identifier [-Wdollar-in-identifier-extension]
C/C++:   dispatchEvent("transitionProgress", [$event=std::move($event)](jsi::Runtime &runtime) {
C/C++:                                                         ^
C/C++: /Users/jhoncuervo/Documents/GitHub/AppRecicler/node_modules/react-native-screens/android/build/generated/source/codegen/jni/react/renderer/components/rnscreens/EventEmitters.cpp:82:10: warning: '$' in identifier [-Wdollar-in-identifier-extension]
C/C++:     auto $payload = jsi::Object(runtime);
C/C++:          ^
C/C++: /Users/jhoncuervo/Documents/GitHub/AppRecicler/node_modules/react-native-screens/android/build/generated/source/codegen/jni/react/renderer/components/rnscreens/EventEmitters.cpp:83:5: warning: '$' in identifier [-Wdollar-in-identifier-extension]
C/C++:     $payload.setProperty(runtime, "progress", $event.progress);
C/C++:     ^
C/C++: /Users/jhoncuervo/Documents/GitHub/AppRecicler/node_modules/react-native-screens/android/build/generated/source/codegen/jni/react/renderer/components/rnscreens/EventEmitters.cpp:83:47: warning: '$' in identifier [-Wdollar-in-identifier-extension]
C/C++:     $payload.setProperty(runtime, "progress", $event.progress);
C/C++:                                               ^
C/C++: /Users/jhoncuervo/Documents/GitHub/AppRecicler/node_modules/react-native-screens/android/build/generated/source/codegen/jni/react/renderer/components/rnscreens/EventEmitters.cpp:84:1: warning: '$' in identifier [-Wdollar-in-identifier-extension]
C/C++: $payload.setProperty(runtime, "closing", $event.closing);
C/C++: ^
C/C++: /Users/jhoncuervo/Documents/GitHub/AppRecicler/node_modules/react-native-screens/android/build/generated/source/codegen/jni/react/renderer/components/rnscreens/EventEmitters.cpp:84:42: warning: '$' in identifier [-Wdollar-in-identifier-extension]
C/C++: $payload.setProperty(runtime, "closing", $event.closing);
C/C++:                                          ^
C/C++: /Users/jhoncuervo/Documents/GitHub/AppRecicler/node_modules/react-native-screens/android/build/generated/source/codegen/jni/react/renderer/components/rnscreens/EventEmitters.cpp:85:1: warning: '$' in identifier [-Wdollar-in-identifier-extension]
C/C++: $payload.setProperty(runtime, "goingForward", $event.goingForward);
C/C++: ^
C/C++: /Users/jhoncuervo/Documents/GitHub/AppRecicler/node_modules/react-native-screens/android/build/generated/source/codegen/jni/react/renderer/components/rnscreens/EventEmitters.cpp:85:47: warning: '$' in identifier [-Wdollar-in-identifier-extension]
C/C++: $payload.setProperty(runtime, "goingForward", $event.goingForward);
C/C++:                                               ^
C/C++: /Users/jhoncuervo/Documents/GitHub/AppRecicler/node_modules/react-native-screens/android/build/generated/source/codegen/jni/react/renderer/components/rnscreens/EventEmitters.cpp:86:12: warning: '$' in identifier [-Wdollar-in-identifier-extension]
C/C++:     return $payload;
C/C++:            ^
C/C++: /Users/jhoncuervo/Documents/GitHub/AppRecicler/node_modules/react-native-screens/android/build/generated/source/codegen/jni/react/renderer/components/rnscreens/EventEmitters.cpp:91:66: warning: '$' in identifier [-Wdollar-in-identifier-extension]
C/C++: void RNSModalScreenEventEmitter::onGestureCancel(OnGestureCancel $event) const {
C/C++:                                                                  ^
C/C++: /Users/jhoncuervo/Documents/GitHub/AppRecicler/node_modules/react-native-screens/android/build/generated/source/codegen/jni/react/renderer/components/rnscreens/EventEmitters.cpp:93:10: warning: '$' in identifier [-Wdollar-in-identifier-extension]
C/C++:     auto $payload = jsi::Object(runtime);
C/C++:          ^
C/C++: /Users/jhoncuervo/Documents/GitHub/AppRecicler/node_modules/react-native-screens/android/build/generated/source/codegen/jni/react/renderer/components/rnscreens/EventEmitters.cpp:95:12: warning: '$' in identifier [-Wdollar-in-identifier-extension]
C/C++:     return $payload;
C/C++:            ^
C/C++: /Users/jhoncuervo/Documents/GitHub/AppRecicler/node_modules/react-native-screens/android/build/generated/source/codegen/jni/react/renderer/components/rnscreens/EventEmitters.cpp:100:86: warning: '$' in identifier [-Wdollar-in-identifier-extension]
C/C++: void RNSModalScreenEventEmitter::onHeaderBackButtonClicked(OnHeaderBackButtonClicked $event) const {
C/C++:                                                                                      ^
C/C++: /Users/jhoncuervo/Documents/GitHub/AppRecicler/node_modules/react-native-screens/android/build/generated/source/codegen/jni/react/renderer/components/rnscreens/EventEmitters.cpp:102:10: warning: '$' in identifier [-Wdollar-in-identifier-extension]
C/C++:     auto $payload = jsi::Object(runtime);
C/C++:          ^
C/C++: /Users/jhoncuervo/Documents/GitHub/AppRecicler/node_modules/react-native-screens/android/build/generated/source/codegen/jni/react/renderer/components/rnscreens/EventEmitters.cpp:104:12: warning: '$' in identifier [-Wdollar-in-identifier-extension]
C/C++:     return $payload;
C/C++:            ^
C/C++: /Users/jhoncuervo/Documents/GitHub/AppRecicler/node_modules/react-native-screens/android/build/generated/source/codegen/jni/react/renderer/components/rnscreens/EventEmitters.cpp:109:76: warning: '$' in identifier [-Wdollar-in-identifier-extension]
C/C++: void RNSModalScreenEventEmitter::onSheetDetentChanged(OnSheetDetentChanged $event) const {
C/C++:                                                                            ^
C/C++: /Users/jhoncuervo/Documents/GitHub/AppRecicler/node_modules/react-native-screens/android/build/generated/source/codegen/jni/react/renderer/components/rnscreens/EventEmitters.cpp:110:40: warning: '$' in identifier [-Wdollar-in-identifier-extension]
C/C++:   dispatchEvent("sheetDetentChanged", [$event=std::move($event)](jsi::Runtime &runtime) {
C/C++:                                        ^
C/C++: /Users/jhoncuervo/Documents/GitHub/AppRecicler/node_modules/react-native-screens/android/build/generated/source/codegen/jni/react/renderer/components/rnscreens/EventEmitters.cpp:110:57: warning: '$' in identifier [-Wdollar-in-identifier-extension]
C/C++:   dispatchEvent("sheetDetentChanged", [$event=std::move($event)](jsi::Runtime &runtime) {
C/C++:                                                         ^
C/C++: /Users/jhoncuervo/Documents/GitHub/AppRecicler/node_modules/react-native-screens/android/build/generated/source/codegen/jni/react/renderer/components/rnscreens/EventEmitters.cpp:111:10: warning: '$' in identifier [-Wdollar-in-identifier-extension]
C/C++:     auto $payload = jsi::Object(runtime);
C/C++:          ^
C/C++: /Users/jhoncuervo/Documents/GitHub/AppRecicler/node_modules/react-native-screens/android/build/generated/source/codegen/jni/react/renderer/components/rnscreens/EventEmitters.cpp:112:5: warning: '$' in identifier [-Wdollar-in-identifier-extension]
C/C++:     $payload.setProperty(runtime, "index", $event.index);
C/C++:     ^
C/C++: /Users/jhoncuervo/Documents/GitHub/AppRecicler/node_modules/react-native-screens/android/build/generated/source/codegen/jni/react/renderer/components/rnscreens/EventEmitters.cpp:112:44: warning: '$' in identifier [-Wdollar-in-identifier-extension]
C/C++:     $payload.setProperty(runtime, "index", $event.index);
C/C++:                                            ^
C/C++: /Users/jhoncuervo/Documents/GitHub/AppRecicler/node_modules/react-native-screens/android/build/generated/source/codegen/jni/react/renderer/components/rnscreens/EventEmitters.cpp:113:1: warning: '$' in identifier [-Wdollar-in-identifier-extension]
C/C++: $payload.setProperty(runtime, "isStable", $event.isStable);
C/C++: ^
C/C++: /Users/jhoncuervo/Documents/GitHub/AppRecicler/node_modules/react-native-screens/android/build/generated/source/codegen/jni/react/renderer/components/rnscreens/EventEmitters.cpp:113:43: warning: '$' in identifier [-Wdollar-in-identifier-extension]
C/C++: $payload.setProperty(runtime, "isStable", $event.isStable);
C/C++:                                           ^
C/C++: /Users/jhoncuervo/Documents/GitHub/AppRecicler/node_modules/react-native-screens/android/build/generated/source/codegen/jni/react/renderer/components/rnscreens/EventEmitters.cpp:114:12: warning: '$' in identifier [-Wdollar-in-identifier-extension]
C/C++:     return $payload;
C/C++:            ^
C/C++: /Users/jhoncuervo/Documents/GitHub/AppRecicler/node_modules/react-native-screens/android/build/generated/source/codegen/jni/react/renderer/components/rnscreens/EventEmitters.cpp:122:47: warning: '$' in identifier [-Wdollar-in-identifier-extension]
C/C++: void RNSScreenEventEmitter::onAppear(OnAppear $event) const {
C/C++:                                               ^
C/C++: /Users/jhoncuervo/Documents/GitHub/AppRecicler/node_modules/react-native-screens/android/build/generated/source/codegen/jni/react/renderer/components/rnscreens/EventEmitters.cpp:124:10: warning: '$' in identifier [-Wdollar-in-identifier-extension]
C/C++:     auto $payload = jsi::Object(runtime);
C/C++:          ^
C/C++: /Users/jhoncuervo/Documents/GitHub/AppRecicler/node_modules/react-native-screens/android/build/generated/source/codegen/jni/react/renderer/components/rnscreens/EventEmitters.cpp:126:12: warning: '$' in identifier [-Wdollar-in-identifier-extension]
C/C++:     return $payload;
C/C++:            ^
C/C++: /Users/jhoncuervo/Documents/GitHub/AppRecicler/node_modules/react-native-screens/android/build/generated/source/codegen/jni/react/renderer/components/rnscreens/EventEmitters.cpp:131:53: warning: '$' in identifier [-Wdollar-in-identifier-extension]
C/C++: void RNSScreenEventEmitter::onDisappear(OnDisappear $event) const {
C/C++:                                                     ^
C/C++: /Users/jhoncuervo/Documents/GitHub/AppRecicler/node_modules/react-native-screens/android/build/generated/source/codegen/jni/react/renderer/components/rnscreens/EventEmitters.cpp:133:10: warning: '$' in identifier [-Wdollar-in-identifier-extension]
C/C++:     auto $payload = jsi::Object(runtime);
C/C++:          ^
C/C++: /Users/jhoncuervo/Documents/GitHub/AppRecicler/node_modules/react-native-screens/android/build/generated/source/codegen/jni/react/renderer/components/rnscreens/EventEmitters.cpp:135:12: warning: '$' in identifier [-Wdollar-in-identifier-extension]
C/C++:     return $payload;
C/C++:            ^
C/C++: /Users/jhoncuervo/Documents/GitHub/AppRecicler/node_modules/react-native-screens/android/build/generated/source/codegen/jni/react/renderer/components/rnscreens/EventEmitters.cpp:140:53: warning: '$' in identifier [-Wdollar-in-identifier-extension]
C/C++: void RNSScreenEventEmitter::onDismissed(OnDismissed $event) const {
C/C++:                                                     ^
C/C++: /Users/jhoncuervo/Documents/GitHub/AppRecicler/node_modules/react-native-screens/android/build/generated/source/codegen/jni/react/renderer/components/rnscreens/EventEmitters.cpp:141:31: warning: '$' in identifier [-Wdollar-in-identifier-extension]
C/C++:   dispatchEvent("dismissed", [$event=std::move($event)](jsi::Runtime &runtime) {
C/C++:                               ^
C/C++: /Users/jhoncuervo/Documents/GitHub/AppRecicler/node_modules/react-native-screens/android/build/generated/source/codegen/jni/react/renderer/components/rnscreens/EventEmitters.cpp:141:48: warning: '$' in identifier [-Wdollar-in-identifier-extension]
C/C++:   dispatchEvent("dismissed", [$event=std::move($event)](jsi::Runtime &runtime) {
C/C++:                                                ^
C/C++: /Users/jhoncuervo/Documents/GitHub/AppRecicler/node_modules/react-native-screens/android/build/generated/source/codegen/jni/react/renderer/components/rnscreens/EventEmitters.cpp:142:10: warning: '$' in identifier [-Wdollar-in-identifier-extension]
C/C++:     auto $payload = jsi::Object(runtime);
C/C++:          ^
C/C++: /Users/jhoncuervo/Documents/GitHub/AppRecicler/node_modules/react-native-screens/android/build/generated/source/codegen/jni/react/renderer/components/rnscreens/EventEmitters.cpp:143:5: warning: '$' in identifier [-Wdollar-in-identifier-extension]
C/C++:     $payload.setProperty(runtime, "dismissCount", $event.dismissCount);
C/C++:     ^
C/C++: /Users/jhoncuervo/Documents/GitHub/AppRecicler/node_modules/react-native-screens/android/build/generated/source/codegen/jni/react/renderer/components/rnscreens/EventEmitters.cpp:143:51: warning: '$' in identifier [-Wdollar-in-identifier-extension]
C/C++:     $payload.setProperty(runtime, "dismissCount", $event.dismissCount);
C/C++:                                                   ^
C/C++: /Users/jhoncuervo/Documents/GitHub/AppRecicler/node_modules/react-native-screens/android/build/generated/source/codegen/jni/react/renderer/components/rnscreens/EventEmitters.cpp:144:12: warning: '$' in identifier [-Wdollar-in-identifier-extension]
C/C++:     return $payload;
C/C++:            ^
C/C++: /Users/jhoncuervo/Documents/GitHub/AppRecicler/node_modules/react-native-screens/android/build/generated/source/codegen/jni/react/renderer/components/rnscreens/EventEmitters.cpp:149:79: warning: '$' in identifier [-Wdollar-in-identifier-extension]
C/C++: void RNSScreenEventEmitter::onNativeDismissCancelled(OnNativeDismissCancelled $event) const {
C/C++:                                                                               ^
C/C++: /Users/jhoncuervo/Documents/GitHub/AppRecicler/node_modules/react-native-screens/android/build/generated/source/codegen/jni/react/renderer/components/rnscreens/EventEmitters.cpp:150:44: warning: '$' in identifier [-Wdollar-in-identifier-extension]
C/C++:   dispatchEvent("nativeDismissCancelled", [$event=std::move($event)](jsi::Runtime &runtime) {
C/C++:                                            ^
C/C++: /Users/jhoncuervo/Documents/GitHub/AppRecicler/node_modules/react-native-screens/android/build/generated/source/codegen/jni/react/renderer/components/rnscreens/EventEmitters.cpp:150:61: warning: '$' in identifier [-Wdollar-in-identifier-extension]
C/C++:   dispatchEvent("nativeDismissCancelled", [$event=std::move($event)](jsi::Runtime &runtime) {
C/C++:                                                             ^
C/C++: /Users/jhoncuervo/Documents/GitHub/AppRecicler/node_modules/react-native-screens/android/build/generated/source/codegen/jni/react/renderer/components/rnscreens/EventEmitters.cpp:151:10: warning: '$' in identifier [-Wdollar-in-identifier-extension]
C/C++:     auto $payload = jsi::Object(runtime);
C/C++:          ^
C/C++: /Users/jhoncuervo/Documents/GitHub/AppRecicler/node_modules/react-native-screens/android/build/generated/source/codegen/jni/react/renderer/components/rnscreens/EventEmitters.cpp:152:5: warning: '$' in identifier [-Wdollar-in-identifier-extension]
C/C++:     $payload.setProperty(runtime, "dismissCount", $event.dismissCount);
C/C++:     ^
C/C++: /Users/jhoncuervo/Documents/GitHub/AppRecicler/node_modules/react-native-screens/android/build/generated/source/codegen/jni/react/renderer/components/rnscreens/EventEmitters.cpp:152:51: warning: '$' in identifier [-Wdollar-in-identifier-extension]
C/C++:     $payload.setProperty(runtime, "dismissCount", $event.dismissCount);
C/C++:                                                   ^
C/C++: /Users/jhoncuervo/Documents/GitHub/AppRecicler/node_modules/react-native-screens/android/build/generated/source/codegen/jni/react/renderer/components/rnscreens/EventEmitters.cpp:153:12: warning: '$' in identifier [-Wdollar-in-identifier-extension]
C/C++:     return $payload;
C/C++:            ^
C/C++: /Users/jhoncuervo/Documents/GitHub/AppRecicler/node_modules/react-native-screens/android/build/generated/source/codegen/jni/react/renderer/components/rnscreens/EventEmitters.cpp:158:55: warning: '$' in identifier [-Wdollar-in-identifier-extension]
C/C++: void RNSScreenEventEmitter::onWillAppear(OnWillAppear $event) const {
C/C++:                                                       ^
C/C++: /Users/jhoncuervo/Documents/GitHub/AppRecicler/node_modules/react-native-screens/android/build/generated/source/codegen/jni/react/renderer/components/rnscreens/EventEmitters.cpp:160:10: warning: '$' in identifier [-Wdollar-in-identifier-extension]
C/C++:     auto $payload = jsi::Object(runtime);
C/C++:          ^
C/C++: /Users/jhoncuervo/Documents/GitHub/AppRecicler/node_modules/react-native-screens/android/build/generated/source/codegen/jni/react/renderer/components/rnscreens/EventEmitters.cpp:162:12: warning: '$' in identifier [-Wdollar-in-identifier-extension]
C/C++:     return $payload;
C/C++:            ^
C/C++: /Users/jhoncuervo/Documents/GitHub/AppRecicler/node_modules/react-native-screens/android/build/generated/source/codegen/jni/react/renderer/components/rnscreens/EventEmitters.cpp:167:61: warning: '$' in identifier [-Wdollar-in-identifier-extension]
C/C++: void RNSScreenEventEmitter::onWillDisappear(OnWillDisappear $event) const {
C/C++:                                                             ^
C/C++: /Users/jhoncuervo/Documents/GitHub/AppRecicler/node_modules/react-native-screens/android/build/generated/source/codegen/jni/react/renderer/components/rnscreens/EventEmitters.cpp:169:10: warning: '$' in identifier [-Wdollar-in-identifier-extension]
C/C++:     auto $payload = jsi::Object(runtime);
C/C++:          ^
C/C++: /Users/jhoncuervo/Documents/GitHub/AppRecicler/node_modules/react-native-screens/android/build/generated/source/codegen/jni/react/renderer/components/rnscreens/EventEmitters.cpp:171:12: warning: '$' in identifier [-Wdollar-in-identifier-extension]
C/C++:     return $payload;
C/C++:            ^
C/C++: /Users/jhoncuervo/Documents/GitHub/AppRecicler/node_modules/react-native-screens/android/build/generated/source/codegen/jni/react/renderer/components/rnscreens/EventEmitters.cpp:176:71: warning: '$' in identifier [-Wdollar-in-identifier-extension]
C/C++: void RNSScreenEventEmitter::onHeaderHeightChange(OnHeaderHeightChange $event) const {
C/C++:                                                                       ^
C/C++: /Users/jhoncuervo/Documents/GitHub/AppRecicler/node_modules/react-native-screens/android/build/generated/source/codegen/jni/react/renderer/components/rnscreens/EventEmitters.cpp:177:40: warning: '$' in identifier [-Wdollar-in-identifier-extension]
C/C++:   dispatchEvent("headerHeightChange", [$event=std::move($event)](jsi::Runtime &runtime) {
C/C++:                                        ^
C/C++: /Users/jhoncuervo/Documents/GitHub/AppRecicler/node_modules/react-native-screens/android/build/generated/source/codegen/jni/react/renderer/components/rnscreens/EventEmitters.cpp:177:57: warning: '$' in identifier [-Wdollar-in-identifier-extension]
C/C++:   dispatchEvent("headerHeightChange", [$event=std::move($event)](jsi::Runtime &runtime) {
C/C++:                                                         ^
C/C++: /Users/jhoncuervo/Documents/GitHub/AppRecicler/node_modules/react-native-screens/android/build/generated/source/codegen/jni/react/renderer/components/rnscreens/EventEmitters.cpp:178:10: warning: '$' in identifier [-Wdollar-in-identifier-extension]
C/C++:     auto $payload = jsi::Object(runtime);
C/C++:          ^
C/C++: /Users/jhoncuervo/Documents/GitHub/AppRecicler/node_modules/react-native-screens/android/build/generated/source/codegen/jni/react/renderer/components/rnscreens/EventEmitters.cpp:179:5: warning: '$' in identifier [-Wdollar-in-identifier-extension]
C/C++:     $payload.setProperty(runtime, "headerHeight", $event.headerHeight);
C/C++:     ^
C/C++: /Users/jhoncuervo/Documents/GitHub/AppRecicler/node_modules/react-native-screens/android/build/generated/source/codegen/jni/react/renderer/components/rnscreens/EventEmitters.cpp:179:51: warning: '$' in identifier [-Wdollar-in-identifier-extension]
C/C++:     $payload.setProperty(runtime, "headerHeight", $event.headerHeight);
C/C++:                                                   ^
C/C++: /Users/jhoncuervo/Documents/GitHub/AppRecicler/node_modules/react-native-screens/android/build/generated/source/codegen/jni/react/renderer/components/rnscreens/EventEmitters.cpp:180:12: warning: '$' in identifier [-Wdollar-in-identifier-extension]
C/C++:     return $payload;
C/C++:            ^
C/C++: /Users/jhoncuervo/Documents/GitHub/AppRecicler/node_modules/react-native-screens/android/build/generated/source/codegen/jni/react/renderer/components/rnscreens/EventEmitters.cpp:185:71: warning: '$' in identifier [-Wdollar-in-identifier-extension]
C/C++: void RNSScreenEventEmitter::onTransitionProgress(OnTransitionProgress $event) const {
C/C++:                                                                       ^
C/C++: /Users/jhoncuervo/Documents/GitHub/AppRecicler/node_modules/react-native-screens/android/build/generated/source/codegen/jni/react/renderer/components/rnscreens/EventEmitters.cpp:186:40: warning: '$' in identifier [-Wdollar-in-identifier-extension]
C/C++:   dispatchEvent("transitionProgress", [$event=std::move($event)](jsi::Runtime &runtime) {
C/C++:                                        ^
C/C++: /Users/jhoncuervo/Documents/GitHub/AppRecicler/node_modules/react-native-screens/android/build/generated/source/codegen/jni/react/renderer/components/rnscreens/EventEmitters.cpp:186:57: warning: '$' in identifier [-Wdollar-in-identifier-extension]
C/C++:   dispatchEvent("transitionProgress", [$event=std::move($event)](jsi::Runtime &runtime) {
C/C++:                                                         ^
C/C++: /Users/jhoncuervo/Documents/GitHub/AppRecicler/node_modules/react-native-screens/android/build/generated/source/codegen/jni/react/renderer/components/rnscreens/EventEmitters.cpp:187:10: warning: '$' in identifier [-Wdollar-in-identifier-extension]
C/C++:     auto $payload = jsi::Object(runtime);
C/C++:          ^
C/C++: /Users/jhoncuervo/Documents/GitHub/AppRecicler/node_modules/react-native-screens/android/build/generated/source/codegen/jni/react/renderer/components/rnscreens/EventEmitters.cpp:188:5: warning: '$' in identifier [-Wdollar-in-identifier-extension]
C/C++:     $payload.setProperty(runtime, "progress", $event.progress);
C/C++:     ^
C/C++: /Users/jhoncuervo/Documents/GitHub/AppRecicler/node_modules/react-native-screens/android/build/generated/source/codegen/jni/react/renderer/components/rnscreens/EventEmitters.cpp:188:47: warning: '$' in identifier [-Wdollar-in-identifier-extension]
C/C++:     $payload.setProperty(runtime, "progress", $event.progress);
C/C++:                                               ^
C/C++: /Users/jhoncuervo/Documents/GitHub/AppRecicler/node_modules/react-native-screens/android/build/generated/source/codegen/jni/react/renderer/components/rnscreens/EventEmitters.cpp:189:1: warning: '$' in identifier [-Wdollar-in-identifier-extension]
C/C++: $payload.setProperty(runtime, "closing", $event.closing);
C/C++: ^
C/C++: /Users/jhoncuervo/Documents/GitHub/AppRecicler/node_modules/react-native-screens/android/build/generated/source/codegen/jni/react/renderer/components/rnscreens/EventEmitters.cpp:189:42: warning: '$' in identifier [-Wdollar-in-identifier-extension]
C/C++: $payload.setProperty(runtime, "closing", $event.closing);
C/C++:                                          ^
C/C++: /Users/jhoncuervo/Documents/GitHub/AppRecicler/node_modules/react-native-screens/android/build/generated/source/codegen/jni/react/renderer/components/rnscreens/EventEmitters.cpp:190:1: warning: '$' in identifier [-Wdollar-in-identifier-extension]
C/C++: $payload.setProperty(runtime, "goingForward", $event.goingForward);
C/C++: ^
C/C++: /Users/jhoncuervo/Documents/GitHub/AppRecicler/node_modules/react-native-screens/android/build/generated/source/codegen/jni/react/renderer/components/rnscreens/EventEmitters.cpp:190:47: warning: '$' in identifier [-Wdollar-in-identifier-extension]
C/C++: $payload.setProperty(runtime, "goingForward", $event.goingForward);
C/C++:                                               ^
C/C++: /Users/jhoncuervo/Documents/GitHub/AppRecicler/node_modules/react-native-screens/android/build/generated/source/codegen/jni/react/renderer/components/rnscreens/EventEmitters.cpp:191:12: warning: '$' in identifier [-Wdollar-in-identifier-extension]
C/C++:     return $payload;
C/C++:            ^
C/C++: /Users/jhoncuervo/Documents/GitHub/AppRecicler/node_modules/react-native-screens/android/build/generated/source/codegen/jni/react/renderer/components/rnscreens/EventEmitters.cpp:196:61: warning: '$' in identifier [-Wdollar-in-identifier-extension]
C/C++: void RNSScreenEventEmitter::onGestureCancel(OnGestureCancel $event) const {
C/C++:                                                             ^
C/C++: /Users/jhoncuervo/Documents/GitHub/AppRecicler/node_modules/react-native-screens/android/build/generated/source/codegen/jni/react/renderer/components/rnscreens/EventEmitters.cpp:198:10: warning: '$' in identifier [-Wdollar-in-identifier-extension]
C/C++:     auto $payload = jsi::Object(runtime);
C/C++:          ^
C/C++: /Users/jhoncuervo/Documents/GitHub/AppRecicler/node_modules/react-native-screens/android/build/generated/source/codegen/jni/react/renderer/components/rnscreens/EventEmitters.cpp:200:12: warning: '$' in identifier [-Wdollar-in-identifier-extension]
C/C++:     return $payload;
C/C++:            ^
C/C++: /Users/jhoncuervo/Documents/GitHub/AppRecicler/node_modules/react-native-screens/android/build/generated/source/codegen/jni/react/renderer/components/rnscreens/EventEmitters.cpp:205:81: warning: '$' in identifier [-Wdollar-in-identifier-extension]
C/C++: void RNSScreenEventEmitter::onHeaderBackButtonClicked(OnHeaderBackButtonClicked $event) const {
C/C++:                                                                                 ^
C/C++: /Users/jhoncuervo/Documents/GitHub/AppRecicler/node_modules/react-native-screens/android/build/generated/source/codegen/jni/react/renderer/components/rnscreens/EventEmitters.cpp:207:10: warning: '$' in identifier [-Wdollar-in-identifier-extension]
C/C++:     auto $payload = jsi::Object(runtime);
C/C++:          ^
C/C++: /Users/jhoncuervo/Documents/GitHub/AppRecicler/node_modules/react-native-screens/android/build/generated/source/codegen/jni/react/renderer/components/rnscreens/EventEmitters.cpp:209:12: warning: '$' in identifier [-Wdollar-in-identifier-extension]
C/C++:     return $payload;
C/C++:            ^
C/C++: /Users/jhoncuervo/Documents/GitHub/AppRecicler/node_modules/react-native-screens/android/build/generated/source/codegen/jni/react/renderer/components/rnscreens/EventEmitters.cpp:214:71: warning: '$' in identifier [-Wdollar-in-identifier-extension]
C/C++: void RNSScreenEventEmitter::onSheetDetentChanged(OnSheetDetentChanged $event) const {
C/C++:                                                                       ^
C/C++: /Users/jhoncuervo/Documents/GitHub/AppRecicler/node_modules/react-native-screens/android/build/generated/source/codegen/jni/react/renderer/components/rnscreens/EventEmitters.cpp:215:40: warning: '$' in identifier [-Wdollar-in-identifier-extension]
C/C++:   dispatchEvent("sheetDetentChanged", [$event=std::move($event)](jsi::Runtime &runtime) {
C/C++:                                        ^
C/C++: /Users/jhoncuervo/Documents/GitHub/AppRecicler/node_modules/react-native-screens/android/build/generated/source/codegen/jni/react/renderer/components/rnscreens/EventEmitters.cpp:215:57: warning: '$' in identifier [-Wdollar-in-identifier-extension]
C/C++:   dispatchEvent("sheetDetentChanged", [$event=std::move($event)](jsi::Runtime &runtime) {
C/C++:                                                         ^
C/C++: /Users/jhoncuervo/Documents/GitHub/AppRecicler/node_modules/react-native-screens/android/build/generated/source/codegen/jni/react/renderer/components/rnscreens/EventEmitters.cpp:216:10: warning: '$' in identifier [-Wdollar-in-identifier-extension]
C/C++:     auto $payload = jsi::Object(runtime);
C/C++:          ^
C/C++: /Users/jhoncuervo/Documents/GitHub/AppRecicler/node_modules/react-native-screens/android/build/generated/source/codegen/jni/react/renderer/components/rnscreens/EventEmitters.cpp:217:5: warning: '$' in identifier [-Wdollar-in-identifier-extension]
C/C++:     $payload.setProperty(runtime, "index", $event.index);
C/C++:     ^
C/C++: /Users/jhoncuervo/Documents/GitHub/AppRecicler/node_modules/react-native-screens/android/build/generated/source/codegen/jni/react/renderer/components/rnscreens/EventEmitters.cpp:217:44: warning: '$' in identifier [-Wdollar-in-identifier-extension]
C/C++:     $payload.setProperty(runtime, "index", $event.index);
C/C++:                                            ^
C/C++: /Users/jhoncuervo/Documents/GitHub/AppRecicler/node_modules/react-native-screens/android/build/generated/source/codegen/jni/react/renderer/components/rnscreens/EventEmitters.cpp:218:1: warning: '$' in identifier [-Wdollar-in-identifier-extension]
C/C++: $payload.setProperty(runtime, "isStable", $event.isStable);
C/C++: ^
C/C++: /Users/jhoncuervo/Documents/GitHub/AppRecicler/node_modules/react-native-screens/android/build/generated/source/codegen/jni/react/renderer/components/rnscreens/EventEmitters.cpp:218:43: warning: '$' in identifier [-Wdollar-in-identifier-extension]
C/C++: $payload.setProperty(runtime, "isStable", $event.isStable);
C/C++:                                           ^
C/C++: /Users/jhoncuervo/Documents/GitHub/AppRecicler/node_modules/react-native-screens/android/build/generated/source/codegen/jni/react/renderer/components/rnscreens/EventEmitters.cpp:219:12: warning: '$' in identifier [-Wdollar-in-identifier-extension]
C/C++:     return $payload;
C/C++:            ^
C/C++: /Users/jhoncuervo/Documents/GitHub/AppRecicler/node_modules/react-native-screens/android/build/generated/source/codegen/jni/react/renderer/components/rnscreens/EventEmitters.cpp:225:68: warning: '$' in identifier [-Wdollar-in-identifier-extension]
C/C++: void RNSScreenStackHeaderConfigEventEmitter::onAttached(OnAttached $event) const {
C/C++:                                                                    ^
C/C++: /Users/jhoncuervo/Documents/GitHub/AppRecicler/node_modules/react-native-screens/android/build/generated/source/codegen/jni/react/renderer/components/rnscreens/EventEmitters.cpp:227:10: warning: '$' in identifier [-Wdollar-in-identifier-extension]
C/C++:     auto $payload = jsi::Object(runtime);
C/C++:          ^
C/C++: /Users/jhoncuervo/Documents/GitHub/AppRecicler/node_modules/react-native-screens/android/build/generated/source/codegen/jni/react/renderer/components/rnscreens/EventEmitters.cpp:229:12: warning: '$' in identifier [-Wdollar-in-identifier-extension]
C/C++:     return $payload;
C/C++:            ^
C/C++: /Users/jhoncuervo/Documents/GitHub/AppRecicler/node_modules/react-native-screens/android/build/generated/source/codegen/jni/react/renderer/components/rnscreens/EventEmitters.cpp:234:68: warning: '$' in identifier [-Wdollar-in-identifier-extension]
C/C++: void RNSScreenStackHeaderConfigEventEmitter::onDetached(OnDetached $event) const {
C/C++:                                                                    ^
C/C++: /Users/jhoncuervo/Documents/GitHub/AppRecicler/node_modules/react-native-screens/android/build/generated/source/codegen/jni/react/renderer/components/rnscreens/EventEmitters.cpp:236:10: warning: '$' in identifier [-Wdollar-in-identifier-extension]
C/C++:     auto $payload = jsi::Object(runtime);
C/C++:          ^
C/C++: /Users/jhoncuervo/Documents/GitHub/AppRecicler/node_modules/react-native-screens/android/build/generated/source/codegen/jni/react/renderer/components/rnscreens/EventEmitters.cpp:238:12: warning: '$' in identifier [-Wdollar-in-identifier-extension]
C/C++:     return $payload;
C/C++:            ^
C/C++: /Users/jhoncuervo/Documents/GitHub/AppRecicler/node_modules/react-native-screens/android/build/generated/source/codegen/jni/react/renderer/components/rnscreens/EventEmitters.cpp:244:78: warning: '$' in identifier [-Wdollar-in-identifier-extension]
C/C++: void RNSScreenStackEventEmitter::onFinishTransitioning(OnFinishTransitioning $event) const {
C/C++:                                                                              ^
C/C++: /Users/jhoncuervo/Documents/GitHub/AppRecicler/node_modules/react-native-screens/android/build/generated/source/codegen/jni/react/renderer/components/rnscreens/EventEmitters.cpp:246:10: warning: '$' in identifier [-Wdollar-in-identifier-extension]
C/C++:     auto $payload = jsi::Object(runtime);
C/C++:          ^
C/C++: /Users/jhoncuervo/Documents/GitHub/AppRecicler/node_modules/react-native-screens/android/build/generated/source/codegen/jni/react/renderer/components/rnscreens/EventEmitters.cpp:248:12: warning: '$' in identifier [-Wdollar-in-identifier-extension]
C/C++:     return $payload;
C/C++:            ^
C/C++: /Users/jhoncuervo/Documents/GitHub/AppRecicler/node_modules/react-native-screens/android/build/generated/source/codegen/jni/react/renderer/components/rnscreens/EventEmitters.cpp:253:60: warning: '$' in identifier [-Wdollar-in-identifier-extension]
C/C++: void RNSSearchBarEventEmitter::onSearchFocus(OnSearchFocus $event) const {
C/C++:                                                            ^
C/C++: /Users/jhoncuervo/Documents/GitHub/AppRecicler/node_modules/react-native-screens/android/build/generated/source/codegen/jni/react/renderer/components/rnscreens/EventEmitters.cpp:255:10: warning: '$' in identifier [-Wdollar-in-identifier-extension]
C/C++:     auto $payload = jsi::Object(runtime);
C/C++:          ^
C/C++: /Users/jhoncuervo/Documents/GitHub/AppRecicler/node_modules/react-native-screens/android/build/generated/source/codegen/jni/react/renderer/components/rnscreens/EventEmitters.cpp:257:12: warning: '$' in identifier [-Wdollar-in-identifier-extension]
C/C++:     return $payload;
C/C++:            ^
C/C++: /Users/jhoncuervo/Documents/GitHub/AppRecicler/node_modules/react-native-screens/android/build/generated/source/codegen/jni/react/renderer/components/rnscreens/EventEmitters.cpp:262:58: warning: '$' in identifier [-Wdollar-in-identifier-extension]
C/C++: void RNSSearchBarEventEmitter::onSearchBlur(OnSearchBlur $event) const {
C/C++:                                                          ^
C/C++: /Users/jhoncuervo/Documents/GitHub/AppRecicler/node_modules/react-native-screens/android/build/generated/source/codegen/jni/react/renderer/components/rnscreens/EventEmitters.cpp:264:10: warning: '$' in identifier [-Wdollar-in-identifier-extension]
C/C++:     auto $payload = jsi::Object(runtime);
C/C++:          ^
C/C++: /Users/jhoncuervo/Documents/GitHub/AppRecicler/node_modules/react-native-screens/android/build/generated/source/codegen/jni/react/renderer/components/rnscreens/EventEmitters.cpp:266:12: warning: '$' in identifier [-Wdollar-in-identifier-extension]
C/C++:     return $payload;
C/C++:            ^
C/C++: /Users/jhoncuervo/Documents/GitHub/AppRecicler/node_modules/react-native-screens/android/build/generated/source/codegen/jni/react/renderer/components/rnscreens/EventEmitters.cpp:271:72: warning: '$' in identifier [-Wdollar-in-identifier-extension]
C/C++: void RNSSearchBarEventEmitter::onSearchButtonPress(OnSearchButtonPress $event) const {
C/C++:                                                                        ^
C/C++: /Users/jhoncuervo/Documents/GitHub/AppRecicler/node_modules/react-native-screens/android/build/generated/source/codegen/jni/react/renderer/components/rnscreens/EventEmitters.cpp:272:39: warning: '$' in identifier [-Wdollar-in-identifier-extension]
C/C++:   dispatchEvent("searchButtonPress", [$event=std::move($event)](jsi::Runtime &runtime) {
C/C++:                                       ^
C/C++: /Users/jhoncuervo/Documents/GitHub/AppRecicler/node_modules/react-native-screens/android/build/generated/source/codegen/jni/react/renderer/components/rnscreens/EventEmitters.cpp:272:56: warning: '$' in identifier [-Wdollar-in-identifier-extension]
C/C++:   dispatchEvent("searchButtonPress", [$event=std::move($event)](jsi::Runtime &runtime) {
C/C++:                                                        ^
C/C++: /Users/jhoncuervo/Documents/GitHub/AppRecicler/node_modules/react-native-screens/android/build/generated/source/codegen/jni/react/renderer/components/rnscreens/EventEmitters.cpp:273:10: warning: '$' in identifier [-Wdollar-in-identifier-extension]
C/C++:     auto $payload = jsi::Object(runtime);
C/C++:          ^
C/C++: /Users/jhoncuervo/Documents/GitHub/AppRecicler/node_modules/react-native-screens/android/build/generated/source/codegen/jni/react/renderer/components/rnscreens/EventEmitters.cpp:274:5: warning: '$' in identifier [-Wdollar-in-identifier-extension]
C/C++:     $payload.setProperty(runtime, "text", $event.text);
C/C++:     ^
C/C++: /Users/jhoncuervo/Documents/GitHub/AppRecicler/node_modules/react-native-screens/android/build/generated/source/codegen/jni/react/renderer/components/rnscreens/EventEmitters.cpp:274:43: warning: '$' in identifier [-Wdollar-in-identifier-extension]
C/C++:     $payload.setProperty(runtime, "text", $event.text);
C/C++:                                           ^
C/C++: /Users/jhoncuervo/Documents/GitHub/AppRecicler/node_modules/react-native-screens/android/build/generated/source/codegen/jni/react/renderer/components/rnscreens/EventEmitters.cpp:275:12: warning: '$' in identifier [-Wdollar-in-identifier-extension]
C/C++:     return $payload;
C/C++:            ^
C/C++: /Users/jhoncuervo/Documents/GitHub/AppRecicler/node_modules/react-native-screens/android/build/generated/source/codegen/jni/react/renderer/components/rnscreens/EventEmitters.cpp:280:72: warning: '$' in identifier [-Wdollar-in-identifier-extension]
C/C++: void RNSSearchBarEventEmitter::onCancelButtonPress(OnCancelButtonPress $event) const {
C/C++:                                                                        ^
C/C++: /Users/jhoncuervo/Documents/GitHub/AppRecicler/node_modules/react-native-screens/android/build/generated/source/codegen/jni/react/renderer/components/rnscreens/EventEmitters.cpp:282:10: warning: '$' in identifier [-Wdollar-in-identifier-extension]
C/C++:     auto $payload = jsi::Object(runtime);
C/C++:          ^
C/C++: /Users/jhoncuervo/Documents/GitHub/AppRecicler/node_modules/react-native-screens/android/build/generated/source/codegen/jni/react/renderer/components/rnscreens/EventEmitters.cpp:284:12: warning: '$' in identifier [-Wdollar-in-identifier-extension]
C/C++:     return $payload;
C/C++:            ^
C/C++: /Users/jhoncuervo/Documents/GitHub/AppRecicler/node_modules/react-native-screens/android/build/generated/source/codegen/jni/react/renderer/components/rnscreens/EventEmitters.cpp:289:58: warning: '$' in identifier [-Wdollar-in-identifier-extension]
C/C++: void RNSSearchBarEventEmitter::onChangeText(OnChangeText $event) const {
C/C++:                                                          ^
C/C++: /Users/jhoncuervo/Documents/GitHub/AppRecicler/node_modules/react-native-screens/android/build/generated/source/codegen/jni/react/renderer/components/rnscreens/EventEmitters.cpp:290:32: warning: '$' in identifier [-Wdollar-in-identifier-extension]
C/C++:   dispatchEvent("changeText", [$event=std::move($event)](jsi::Runtime &runtime) {
C/C++:                                ^
C/C++: /Users/jhoncuervo/Documents/GitHub/AppRecicler/node_modules/react-native-screens/android/build/generated/source/codegen/jni/react/renderer/components/rnscreens/EventEmitters.cpp:290:49: warning: '$' in identifier [-Wdollar-in-identifier-extension]
C/C++:   dispatchEvent("changeText", [$event=std::move($event)](jsi::Runtime &runtime) {
C/C++:                                                 ^
C/C++: /Users/jhoncuervo/Documents/GitHub/AppRecicler/node_modules/react-native-screens/android/build/generated/source/codegen/jni/react/renderer/components/rnscreens/EventEmitters.cpp:291:10: warning: '$' in identifier [-Wdollar-in-identifier-extension]
C/C++:     auto $payload = jsi::Object(runtime);
C/C++:          ^
C/C++: /Users/jhoncuervo/Documents/GitHub/AppRecicler/node_modules/react-native-screens/android/build/generated/source/codegen/jni/react/renderer/components/rnscreens/EventEmitters.cpp:292:5: warning: '$' in identifier [-Wdollar-in-identifier-extension]
C/C++:     $payload.setProperty(runtime, "text", $event.text);
C/C++:     ^
C/C++: /Users/jhoncuervo/Documents/GitHub/AppRecicler/node_modules/react-native-screens/android/build/generated/source/codegen/jni/react/renderer/components/rnscreens/EventEmitters.cpp:292:43: warning: '$' in identifier [-Wdollar-in-identifier-extension]
C/C++:     $payload.setProperty(runtime, "text", $event.text);
C/C++:                                           ^
C/C++: /Users/jhoncuervo/Documents/GitHub/AppRecicler/node_modules/react-native-screens/android/build/generated/source/codegen/jni/react/renderer/components/rnscreens/EventEmitters.cpp:293:12: warning: '$' in identifier [-Wdollar-in-identifier-extension]
C/C++:     return $payload;
C/C++:            ^
C/C++: /Users/jhoncuervo/Documents/GitHub/AppRecicler/node_modules/react-native-screens/android/build/generated/source/codegen/jni/react/renderer/components/rnscreens/EventEmitters.cpp:298:48: warning: '$' in identifier [-Wdollar-in-identifier-extension]
C/C++: void RNSSearchBarEventEmitter::onClose(OnClose $event) const {
C/C++:                                                ^
C/C++: /Users/jhoncuervo/Documents/GitHub/AppRecicler/node_modules/react-native-screens/android/build/generated/source/codegen/jni/react/renderer/components/rnscreens/EventEmitters.cpp:300:10: warning: '$' in identifier [-Wdollar-in-identifier-extension]
C/C++:     auto $payload = jsi::Object(runtime);
C/C++:          ^
C/C++: /Users/jhoncuervo/Documents/GitHub/AppRecicler/node_modules/react-native-screens/android/build/generated/source/codegen/jni/react/renderer/components/rnscreens/EventEmitters.cpp:302:12: warning: '$' in identifier [-Wdollar-in-identifier-extension]
C/C++:     return $payload;
C/C++:            ^
C/C++: /Users/jhoncuervo/Documents/GitHub/AppRecicler/node_modules/react-native-screens/android/build/generated/source/codegen/jni/react/renderer/components/rnscreens/EventEmitters.cpp:307:46: warning: '$' in identifier [-Wdollar-in-identifier-extension]
C/C++: void RNSSearchBarEventEmitter::onOpen(OnOpen $event) const {
C/C++:                                              ^
C/C++: /Users/jhoncuervo/Documents/GitHub/AppRecicler/node_modules/react-native-screens/android/build/generated/source/codegen/jni/react/renderer/components/rnscreens/EventEmitters.cpp:309:10: warning: '$' in identifier [-Wdollar-in-identifier-extension]
C/C++:     auto $payload = jsi::Object(runtime);
C/C++:          ^
C/C++: /Users/jhoncuervo/Documents/GitHub/AppRecicler/node_modules/react-native-screens/android/build/generated/source/codegen/jni/react/renderer/components/rnscreens/EventEmitters.cpp:311:12: warning: '$' in identifier [-Wdollar-in-identifier-extension]
C/C++:     return $payload;
C/C++:            ^
C/C++: 156 warnings generated.

> Task :app:mergeDebugJniLibFolders UP-TO-DATE
> Task :maplibre_maplibre-react-native:mergeDebugJniLibFolders
> Task :maplibre_maplibre-react-native:mergeDebugNativeLibs NO-SOURCE
> Task :maplibre_maplibre-react-native:copyDebugJniLibsProjectOnly
> Task :react-native-async-storage_async-storage:mergeDebugJniLibFolders
> Task :react-native-async-storage_async-storage:mergeDebugNativeLibs NO-SOURCE
> Task :react-native-async-storage_async-storage:copyDebugJniLibsProjectOnly
> Task :react-native-document-picker:mergeDebugJniLibFolders
> Task :react-native-document-picker:mergeDebugNativeLibs NO-SOURCE
> Task :react-native-document-picker:copyDebugJniLibsProjectOnly

> Task :react-native-gesture-handler:configureCMakeDebug[arm64-v8a]
C/C++: CMake Warning:
C/C++:   Manually-specified variables were not used by the project:
C/C++:     ANDROID_SUPPORT_FLEXIBLE_PAGE_SIZES

> Task :react-native-gesture-handler:buildCMakeDebug[arm64-v8a]

> Task :react-native-gesture-handler:configureCMakeDebug[armeabi-v7a]
C/C++: CMake Warning:
C/C++:   Manually-specified variables were not used by the project:
C/C++:     ANDROID_SUPPORT_FLEXIBLE_PAGE_SIZES

> Task :react-native-gesture-handler:buildCMakeDebug[armeabi-v7a]

> Task :react-native-gesture-handler:configureCMakeDebug[x86]
C/C++: CMake Warning:
C/C++:   Manually-specified variables were not used by the project:
C/C++:     ANDROID_SUPPORT_FLEXIBLE_PAGE_SIZES

> Task :react-native-gesture-handler:buildCMakeDebug[x86]

> Task :react-native-gesture-handler:configureCMakeDebug[x86_64]
C/C++: CMake Warning:
C/C++:   Manually-specified variables were not used by the project:
C/C++:     ANDROID_SUPPORT_FLEXIBLE_PAGE_SIZES

> Task :react-native-gesture-handler:buildCMakeDebug[x86_64]
> Task :react-native-gesture-handler:mergeDebugJniLibFolders
> Task :react-native-image-picker:mergeDebugJniLibFolders
> Task :react-native-image-picker:mergeDebugNativeLibs NO-SOURCE
> Task :react-native-image-picker:copyDebugJniLibsProjectOnly
> Task :react-native-linear-gradient:mergeDebugJniLibFolders
> Task :react-native-linear-gradient:mergeDebugNativeLibs NO-SOURCE
> Task :react-native-gesture-handler:mergeDebugNativeLibs
> Task :react-native-linear-gradient:copyDebugJniLibsProjectOnly
> Task :react-native-reanimated:mergeDebugJniLibFolders
> Task :react-native-gesture-handler:copyDebugJniLibsProjectOnly
> Task :react-native-safe-area-context:mergeDebugJniLibFolders
> Task :react-native-safe-area-context:mergeDebugNativeLibs NO-SOURCE
> Task :react-native-safe-area-context:copyDebugJniLibsProjectOnly
> Task :react-native-reanimated:mergeDebugNativeLibs
> Task :react-native-screens:configureCMakeDebug[arm64-v8a]
> Task :react-native-reanimated:copyDebugJniLibsProjectOnly
> Task :react-native-screens:buildCMakeDebug[arm64-v8a]
> Task :react-native-screens:configureCMakeDebug[armeabi-v7a]
> Task :react-native-screens:buildCMakeDebug[armeabi-v7a]
> Task :react-native-screens:configureCMakeDebug[x86]
> Task :react-native-screens:buildCMakeDebug[x86]
> Task :react-native-screens:configureCMakeDebug[x86_64]
> Task :react-native-screens:buildCMakeDebug[x86_64]
> Task :react-native-screens:mergeDebugJniLibFolders
> Task :react-native-vector-icons:mergeDebugJniLibFolders
> Task :react-native-vector-icons:mergeDebugNativeLibs NO-SOURCE
> Task :react-native-vector-icons:copyDebugJniLibsProjectOnly
> Task :app:validateSigningDebug UP-TO-DATE
> Task :app:writeDebugAppMetadata UP-TO-DATE
> Task :app:writeDebugSigningConfigVersions UP-TO-DATE
> Task :react-native-screens:mergeDebugNativeLibs
> Task :react-native-screens:copyDebugJniLibsProjectOnly
> Task :app:mergeDebugNativeLibs
> Task :app:stripDebugDebugSymbols
> Task :app:packageDebug
> Task :app:createDebugApkListingFileRedirect UP-TO-DATE

> Task :app:installDebug
Installing APK 'app-debug.apk' on '2510DPC44G - 16' for :app:debug
Installed on 1 device.

BUILD SUCCESSFUL in 6m 7s
311 actionable tasks: 291 executed, 20 up-to-date
info Connecting to the development server...
info Starting the app on "e3792462"...
Starting: Intent { act=android.intent.action.MAIN cat=[android.intent.category.LAUNCHER] cmp=com.apprecicler/.MainActivity }
